scene,ray_kind,ray_order,bvh_builder,width,height,max_leaf_triangles,timing_scope,sample_index,milliseconds
Grid,secondary-diffuse,pixel-ordered,builtin-binned-SAH,256,144,16,integrated-cuda32,0,0.477183998
Grid,secondary-diffuse,pixel-ordered,builtin-binned-SAH,256,144,16,integrated-cuda32,1,0.475136012
Grid,secondary-diffuse,pixel-ordered,builtin-binned-SAH,256,144,16,integrated-cuda32,2,0.473087996
Grid,secondary-diffuse,pixel-ordered,builtin-binned-SAH,256,144,16,integrated-cuda32,3,0.468672007
Grid,secondary-diffuse,pixel-ordered,builtin-binned-SAH,256,144,16,integrated-cuda32,4,0.472063988
Grid,secondary-diffuse,pixel-ordered,builtin-binned-SAH,256,144,16,integrated-cuda32,5,0.471935987
Grid,secondary-diffuse,pixel-ordered,builtin-binned-SAH,256,144,16,integrated-cuda32,6,0.465631992
Grid,secondary-diffuse,pixel-ordered,builtin-binned-SAH,256,144,16,integrated-cuda32,7,0.47615999
Grid,secondary-diffuse,pixel-ordered,builtin-binned-SAH,256,144,16,integrated-cuda32,8,0.47104001
Grid,secondary-diffuse,pixel-ordered,builtin-binned-SAH,256,144,16,integrated-matched,0,0.750591993
Grid,secondary-diffuse,pixel-ordered,builtin-binned-SAH,256,144,16,integrated-matched,1,0.753664017
Grid,secondary-diffuse,pixel-ordered,builtin-binned-SAH,256,144,16,integrated-matched,2,0.750591993
Grid,secondary-diffuse,pixel-ordered,builtin-binned-SAH,256,144,16,integrated-matched,3,0.754688025
Grid,secondary-diffuse,pixel-ordered,builtin-binned-SAH,256,144,16,integrated-matched,4,0.758687973
Grid,secondary-diffuse,pixel-ordered,builtin-binned-SAH,256,144,16,integrated-matched,5,0.756735981
Grid,secondary-diffuse,pixel-ordered,builtin-binned-SAH,256,144,16,integrated-matched,6,0.758687973
Grid,secondary-diffuse,pixel-ordered,builtin-binned-SAH,256,144,16,integrated-matched,7,0.762880027
Grid,secondary-diffuse,pixel-ordered,builtin-binned-SAH,256,144,16,integrated-matched,8,0.757759988
Grid,secondary-diffuse,pixel-ordered,builtin-binned-SAH,256,144,16,integrated-tensor,0,0.955392003
Grid,secondary-diffuse,pixel-ordered,builtin-binned-SAH,256,144,16,integrated-tensor,1,0.960511982
Grid,secondary-diffuse,pixel-ordered,builtin-binned-SAH,256,144,16,integrated-tensor,2,0.965632021
Grid,secondary-diffuse,pixel-ordered,builtin-binned-SAH,256,144,16,integrated-tensor,3,0.966656029
Grid,secondary-diffuse,pixel-ordered,builtin-binned-SAH,256,144,16,integrated-tensor,4,0.964543998
Grid,secondary-diffuse,pixel-ordered,builtin-binned-SAH,256,144,16,integrated-tensor,5,0.962559998
Grid,secondary-diffuse,pixel-ordered,builtin-binned-SAH,256,144,16,integrated-tensor,6,0.965632021
Grid,secondary-diffuse,pixel-ordered,builtin-binned-SAH,256,144,16,integrated-tensor,7,0.961727977
Grid,secondary-diffuse,pixel-ordered,builtin-binned-SAH,256,144,16,integrated-tensor,8,0.963584006
Grid,secondary-diffuse,pixel-ordered,builtin-binned-SAH,256,144,16,separated-traversal,0,0.556895971
Grid,secondary-diffuse,pixel-ordered,builtin-binned-SAH,256,144,16,separated-traversal,1,0.579487979
Grid,secondary-diffuse,pixel-ordered,builtin-binned-SAH,256,144,16,separated-traversal,2,0.554880023
Grid,secondary-diffuse,pixel-ordered,builtin-binned-SAH,256,144,16,separated-traversal,3,0.559104025
Grid,secondary-diffuse,pixel-ordered,builtin-binned-SAH,256,144,16,separated-traversal,4,0.550912023
Grid,secondary-diffuse,pixel-ordered,builtin-binned-SAH,256,144,16,separated-traversal,5,0.565248013
Grid,secondary-diffuse,pixel-ordered,builtin-binned-SAH,256,144,16,separated-traversal,6,0.54272002
Grid,secondary-diffuse,pixel-ordered,builtin-binned-SAH,256,144,16,separated-traversal,7,0.56329602
Grid,secondary-diffuse,pixel-ordered,builtin-binned-SAH,256,144,16,separated-traversal,8,0.551935971
Grid,secondary-diffuse,pixel-ordered,builtin-binned-SAH,256,144,16,separated-matched-leaves,0,0.343807995
Grid,secondary-diffuse,pixel-ordered,builtin-binned-SAH,256,144,16,separated-matched-leaves,1,0.307392001
Grid,secondary-diffuse,pixel-ordered,builtin-binned-SAH,256,144,16,separated-matched-leaves,2,0.306176007
Grid,secondary-diffuse,pixel-ordered,builtin-binned-SAH,256,144,16,separated-matched-leaves,3,0.307200015
Grid,secondary-diffuse,pixel-ordered,builtin-binned-SAH,256,144,16,separated-matched-leaves,4,0.307200015
Grid,secondary-diffuse,pixel-ordered,builtin-binned-SAH,256,144,16,separated-matched-leaves,5,0.307936013
Grid,secondary-diffuse,pixel-ordered,builtin-binned-SAH,256,144,16,separated-matched-leaves,6,0.307200015
Grid,secondary-diffuse,pixel-ordered,builtin-binned-SAH,256,144,16,separated-matched-leaves,7,0.307200015
Grid,secondary-diffuse,pixel-ordered,builtin-binned-SAH,256,144,16,separated-matched-leaves,8,0.307200015
Grid,secondary-diffuse,pixel-ordered,builtin-binned-SAH,256,144,16,separated-tensor-leaves,0,0.537440002
Grid,secondary-diffuse,pixel-ordered,builtin-binned-SAH,256,144,16,separated-tensor-leaves,1,0.541535974
Grid,secondary-diffuse,pixel-ordered,builtin-binned-SAH,256,144,16,separated-tensor-leaves,2,0.541535974
Grid,secondary-diffuse,pixel-ordered,builtin-binned-SAH,256,144,16,separated-tensor-leaves,3,0.540672004
Grid,secondary-diffuse,pixel-ordered,builtin-binned-SAH,256,144,16,separated-tensor-leaves,4,0.539647996
Grid,secondary-diffuse,pixel-ordered,builtin-binned-SAH,256,144,16,separated-tensor-leaves,5,0.540543973
Grid,secondary-diffuse,pixel-ordered,builtin-binned-SAH,256,144,16,separated-tensor-leaves,6,0.539647996
Grid,secondary-diffuse,pixel-ordered,builtin-binned-SAH,256,144,16,separated-tensor-leaves,7,0.540672004
Grid,secondary-diffuse,pixel-ordered,builtin-binned-SAH,256,144,16,separated-tensor-leaves,8,0.538911998
Grid,secondary-diffuse,packet-shuffled,builtin-binned-SAH,256,144,16,integrated-cuda32,0,0.487423986
Grid,secondary-diffuse,packet-shuffled,builtin-binned-SAH,256,144,16,integrated-cuda32,1,0.478208005
Grid,secondary-diffuse,packet-shuffled,builtin-binned-SAH,256,144,16,integrated-cuda32,2,0.477183998
Grid,secondary-diffuse,packet-shuffled,builtin-binned-SAH,256,144,16,integrated-cuda32,3,0.474112004
Grid,secondary-diffuse,packet-shuffled,builtin-binned-SAH,256,144,16,integrated-cuda32,4,0.47615999
Grid,secondary-diffuse,packet-shuffled,builtin-binned-SAH,256,144,16,integrated-cuda32,5,0.479936004
Grid,secondary-diffuse,packet-shuffled,builtin-binned-SAH,256,144,16,integrated-cuda32,6,0.477183998
Grid,secondary-diffuse,packet-shuffled,builtin-binned-SAH,256,144,16,integrated-cuda32,7,0.477120012
Grid,secondary-diffuse,packet-shuffled,builtin-binned-SAH,256,144,16,integrated-cuda32,8,0.478080004
Grid,secondary-diffuse,packet-shuffled,builtin-binned-SAH,256,144,16,integrated-matched,0,0.87638402
Grid,secondary-diffuse,packet-shuffled,builtin-binned-SAH,256,144,16,integrated-matched,1,0.887776017
Grid,secondary-diffuse,packet-shuffled,builtin-binned-SAH,256,144,16,integrated-matched,2,0.876543999
Grid,secondary-diffuse,packet-shuffled,builtin-binned-SAH,256,144,16,integrated-matched,3,0.881663978
Grid,secondary-diffuse,packet-shuffled,builtin-binned-SAH,256,144,16,integrated-matched,4,0.88163197
Grid,secondary-diffuse,packet-shuffled,builtin-binned-SAH,256,144,16,integrated-matched,5,0.885631979
Grid,secondary-diffuse,packet-shuffled,builtin-binned-SAH,256,144,16,integrated-matched,6,0.868351996
Grid,secondary-diffuse,packet-shuffled,builtin-binned-SAH,256,144,16,integrated-matched,7,0.877568007
Grid,secondary-diffuse,packet-shuffled,builtin-binned-SAH,256,144,16,integrated-matched,8,0.868351996
Grid,secondary-diffuse,packet-shuffled,builtin-binned-SAH,256,144,16,integrated-tensor,0,1.12412798
Grid,secondary-diffuse,packet-shuffled,builtin-binned-SAH,256,144,16,integrated-tensor,1,1.11820805
Grid,secondary-diffuse,packet-shuffled,builtin-binned-SAH,256,144,16,integrated-tensor,2,1.09465599
Grid,secondary-diffuse,packet-shuffled,builtin-binned-SAH,256,144,16,integrated-tensor,3,1.10899198
Grid,secondary-diffuse,packet-shuffled,builtin-binned-SAH,256,144,16,integrated-tensor,4,1.10080004
Grid,secondary-diffuse,packet-shuffled,builtin-binned-SAH,256,144,16,integrated-tensor,5,1.11104
Grid,secondary-diffuse,packet-shuffled,builtin-binned-SAH,256,144,16,integrated-tensor,6,1.114048
Grid,secondary-diffuse,packet-shuffled,builtin-binned-SAH,256,144,16,integrated-tensor,7,1.13561594
Grid,secondary-diffuse,packet-shuffled,builtin-binned-SAH,256,144,16,integrated-tensor,8,1.09977603
Grid,secondary-diffuse,packet-shuffled,builtin-binned-SAH,256,144,16,separated-traversal,0,0.760832012
Grid,secondary-diffuse,packet-shuffled,builtin-binned-SAH,256,144,16,separated-traversal,1,0.744448006
Grid,secondary-diffuse,packet-shuffled,builtin-binned-SAH,256,144,16,separated-traversal,2,0.74752003
Grid,secondary-diffuse,packet-shuffled,builtin-binned-SAH,256,144,16,separated-traversal,3,0.752640009
Grid,secondary-diffuse,packet-shuffled,builtin-binned-SAH,256,144,16,separated-traversal,4,0.753664017
Grid,secondary-diffuse,packet-shuffled,builtin-binned-SAH,256,144,16,separated-traversal,5,0.746303976
Grid,secondary-diffuse,packet-shuffled,builtin-binned-SAH,256,144,16,separated-traversal,6,0.752640009
Grid,secondary-diffuse,packet-shuffled,builtin-binned-SAH,256,144,16,separated-traversal,7,0.742367983
Grid,secondary-diffuse,packet-shuffled,builtin-binned-SAH,256,144,16,separated-traversal,8,0.744448006
Grid,secondary-diffuse,packet-shuffled,builtin-binned-SAH,256,144,16,separated-matched-leaves,0,0.357216001
Grid,secondary-diffuse,packet-shuffled,builtin-binned-SAH,256,144,16,separated-matched-leaves,1,0.33792001
Grid,secondary-diffuse,packet-shuffled,builtin-binned-SAH,256,144,16,separated-matched-leaves,2,0.335776001
Grid,secondary-diffuse,packet-shuffled,builtin-binned-SAH,256,144,16,separated-matched-leaves,3,0.333824009
Grid,secondary-diffuse,packet-shuffled,builtin-binned-SAH,256,144,16,separated-matched-leaves,4,0.333824009
Grid,secondary-diffuse,packet-shuffled,builtin-binned-SAH,256,144,16,separated-matched-leaves,5,0.333824009
Grid,secondary-diffuse,packet-shuffled,builtin-binned-SAH,256,144,16,separated-matched-leaves,6,0.335743994
Grid,secondary-diffuse,packet-shuffled,builtin-binned-SAH,256,144,16,separated-matched-leaves,7,0.334847987
Grid,secondary-diffuse,packet-shuffled,builtin-binned-SAH,256,144,16,separated-matched-leaves,8,0.333824009
Grid,secondary-diffuse,packet-shuffled,builtin-binned-SAH,256,144,16,separated-tensor-leaves,0,0.549920022
Grid,secondary-diffuse,packet-shuffled,builtin-binned-SAH,256,144,16,separated-tensor-leaves,1,0.551935971
Grid,secondary-diffuse,packet-shuffled,builtin-binned-SAH,256,144,16,separated-tensor-leaves,2,0.551680028
Grid,secondary-diffuse,packet-shuffled,builtin-binned-SAH,256,144,16,separated-tensor-leaves,3,0.49971199
Grid,secondary-diffuse,packet-shuffled,builtin-binned-SAH,256,144,16,separated-tensor-leaves,4,0.431104004
Grid,secondary-diffuse,packet-shuffled,builtin-binned-SAH,256,144,16,separated-tensor-leaves,5,0.432128012
Grid,secondary-diffuse,packet-shuffled,builtin-binned-SAH,256,144,16,separated-tensor-leaves,6,0.432063997
Grid,secondary-diffuse,packet-shuffled,builtin-binned-SAH,256,144,16,separated-tensor-leaves,7,0.431104004
Grid,secondary-diffuse,packet-shuffled,builtin-binned-SAH,256,144,16,separated-tensor-leaves,8,0.432191998
CheckerLow,secondary-diffuse,pixel-ordered,builtin-binned-SAH,256,144,16,integrated-cuda32,0,0.228128001
CheckerLow,secondary-diffuse,pixel-ordered,builtin-binned-SAH,256,144,16,integrated-cuda32,1,0.237568006
CheckerLow,secondary-diffuse,pixel-ordered,builtin-binned-SAH,256,144,16,integrated-cuda32,2,0.233472005
CheckerLow,secondary-diffuse,pixel-ordered,builtin-binned-SAH,256,144,16,integrated-cuda32,3,0.222143993
CheckerLow,secondary-diffuse,pixel-ordered,builtin-binned-SAH,256,144,16,integrated-cuda32,4,0.233408004
CheckerLow,secondary-diffuse,pixel-ordered,builtin-binned-SAH,256,144,16,integrated-cuda32,5,0.240288004
CheckerLow,secondary-diffuse,pixel-ordered,builtin-binned-SAH,256,144,16,integrated-cuda32,6,0.222207993
CheckerLow,secondary-diffuse,pixel-ordered,builtin-binned-SAH,256,144,16,integrated-cuda32,7,0.235520005
CheckerLow,secondary-diffuse,pixel-ordered,builtin-binned-SAH,256,144,16,integrated-cuda32,8,0.234495997
CheckerLow,secondary-diffuse,pixel-ordered,builtin-binned-SAH,256,144,16,integrated-matched,0,0.331775993
CheckerLow,secondary-diffuse,pixel-ordered,builtin-binned-SAH,256,144,16,integrated-matched,1,0.366495997
CheckerLow,secondary-diffuse,pixel-ordered,builtin-binned-SAH,256,144,16,integrated-matched,2,0.333824009
CheckerLow,secondary-diffuse,pixel-ordered,builtin-binned-SAH,256,144,16,integrated-matched,3,0.335871994
CheckerLow,secondary-diffuse,pixel-ordered,builtin-binned-SAH,256,144,16,integrated-matched,4,0.363424003
CheckerLow,secondary-diffuse,pixel-ordered,builtin-binned-SAH,256,144,16,integrated-matched,5,0.333824009
CheckerLow,secondary-diffuse,pixel-ordered,builtin-binned-SAH,256,144,16,integrated-matched,6,0.334847987
CheckerLow,secondary-diffuse,pixel-ordered,builtin-binned-SAH,256,144,16,integrated-matched,7,0.363391995
CheckerLow,secondary-diffuse,pixel-ordered,builtin-binned-SAH,256,144,16,integrated-matched,8,0.332800001
CheckerLow,secondary-diffuse,pixel-ordered,builtin-binned-SAH,256,144,16,integrated-tensor,0,0.441343993
CheckerLow,secondary-diffuse,pixel-ordered,builtin-binned-SAH,256,144,16,integrated-tensor,1,0.438271999
CheckerLow,secondary-diffuse,pixel-ordered,builtin-binned-SAH,256,144,16,integrated-tensor,2,0.436224014
CheckerLow,secondary-diffuse,pixel-ordered,builtin-binned-SAH,256,144,16,integrated-tensor,3,0.438528001
CheckerLow,secondary-diffuse,pixel-ordered,builtin-binned-SAH,256,144,16,integrated-tensor,4,0.439296007
CheckerLow,secondary-diffuse,pixel-ordered,builtin-binned-SAH,256,144,16,integrated-tensor,5,0.431104004
CheckerLow,secondary-diffuse,pixel-ordered,builtin-binned-SAH,256,144,16,integrated-tensor,6,0.440319985
CheckerLow,secondary-diffuse,pixel-ordered,builtin-binned-SAH,256,144,16,integrated-tensor,7,0.443168014
CheckerLow,secondary-diffuse,pixel-ordered,builtin-binned-SAH,256,144,16,integrated-tensor,8,0.432000011
CheckerLow,secondary-diffuse,pixel-ordered,builtin-binned-SAH,256,144,16,separated-traversal,0,0.199680001
CheckerLow,secondary-diffuse,pixel-ordered,builtin-binned-SAH,256,144,16,separated-traversal,1,0.199680001
CheckerLow,secondary-diffuse,pixel-ordered,builtin-binned-SAH,256,144,16,separated-traversal,2,0.198655993
CheckerLow,secondary-diffuse,pixel-ordered,builtin-binned-SAH,256,144,16,separated-traversal,3,0.199520007
CheckerLow,secondary-diffuse,pixel-ordered,builtin-binned-SAH,256,144,16,separated-traversal,4,0.198655993
CheckerLow,secondary-diffuse,pixel-ordered,builtin-binned-SAH,256,144,16,separated-traversal,5,0.199680001
CheckerLow,secondary-diffuse,pixel-ordered,builtin-binned-SAH,256,144,16,separated-traversal,6,0.197632
CheckerLow,secondary-diffuse,pixel-ordered,builtin-binned-SAH,256,144,16,separated-traversal,7,0.199552
CheckerLow,secondary-diffuse,pixel-ordered,builtin-binned-SAH,256,144,16,separated-traversal,8,0.198655993
CheckerLow,secondary-diffuse,pixel-ordered,builtin-binned-SAH,256,144,16,separated-matched-leaves,0,0.172031999
CheckerLow,secondary-diffuse,pixel-ordered,builtin-binned-SAH,256,144,16,separated-matched-leaves,1,0.162591994
CheckerLow,secondary-diffuse,pixel-ordered,builtin-binned-SAH,256,144,16,separated-matched-leaves,2,0.161791995
CheckerLow,secondary-diffuse,pixel-ordered,builtin-binned-SAH,256,144,16,separated-matched-leaves,3,0.161791995
CheckerLow,secondary-diffuse,pixel-ordered,builtin-binned-SAH,256,144,16,separated-matched-leaves,4,0.160768002
CheckerLow,secondary-diffuse,pixel-ordered,builtin-binned-SAH,256,144,16,separated-matched-leaves,5,0.162624002
CheckerLow,secondary-diffuse,pixel-ordered,builtin-binned-SAH,256,144,16,separated-matched-leaves,6,0.161791995
CheckerLow,secondary-diffuse,pixel-ordered,builtin-binned-SAH,256,144,16,separated-matched-leaves,7,0.161824003
CheckerLow,secondary-diffuse,pixel-ordered,builtin-binned-SAH,256,144,16,separated-matched-leaves,8,0.161791995
CheckerLow,secondary-diffuse,pixel-ordered,builtin-binned-SAH,256,144,16,separated-tensor-leaves,0,0.228351995
CheckerLow,secondary-diffuse,pixel-ordered,builtin-binned-SAH,256,144,16,separated-tensor-leaves,1,0.220159993
CheckerLow,secondary-diffuse,pixel-ordered,builtin-binned-SAH,256,144,16,separated-tensor-leaves,2,0.219136
CheckerLow,secondary-diffuse,pixel-ordered,builtin-binned-SAH,256,144,16,separated-tensor-leaves,3,0.220320001
CheckerLow,secondary-diffuse,pixel-ordered,builtin-binned-SAH,256,144,16,separated-tensor-leaves,4,0.219935998
CheckerLow,secondary-diffuse,pixel-ordered,builtin-binned-SAH,256,144,16,separated-tensor-leaves,5,0.220159993
CheckerLow,secondary-diffuse,pixel-ordered,builtin-binned-SAH,256,144,16,separated-tensor-leaves,6,0.220159993
CheckerLow,secondary-diffuse,pixel-ordered,builtin-binned-SAH,256,144,16,separated-tensor-leaves,7,0.220159993
CheckerLow,secondary-diffuse,pixel-ordered,builtin-binned-SAH,256,144,16,separated-tensor-leaves,8,0.220159993
CheckerLow,secondary-diffuse,packet-shuffled,builtin-binned-SAH,256,144,16,integrated-cuda32,0,0.289696008
CheckerLow,secondary-diffuse,packet-shuffled,builtin-binned-SAH,256,144,16,integrated-cuda32,1,0.29491201
CheckerLow,secondary-diffuse,packet-shuffled,builtin-binned-SAH,256,144,16,integrated-cuda32,2,0.296640009
CheckerLow,secondary-diffuse,packet-shuffled,builtin-binned-SAH,256,144,16,integrated-cuda32,3,0.280575991
CheckerLow,secondary-diffuse,packet-shuffled,builtin-binned-SAH,256,144,16,integrated-cuda32,4,0.295168012
CheckerLow,secondary-diffuse,packet-shuffled,builtin-binned-SAH,256,144,16,integrated-cuda32,5,0.297984004
CheckerLow,secondary-diffuse,packet-shuffled,builtin-binned-SAH,256,144,16,integrated-cuda32,6,0.279552013
CheckerLow,secondary-diffuse,packet-shuffled,builtin-binned-SAH,256,144,16,integrated-cuda32,7,0.297984004
CheckerLow,secondary-diffuse,packet-shuffled,builtin-binned-SAH,256,144,16,integrated-cuda32,8,0.295583993
CheckerLow,secondary-diffuse,packet-shuffled,builtin-binned-SAH,256,144,16,integrated-matched,0,0.454656005
CheckerLow,secondary-diffuse,packet-shuffled,builtin-binned-SAH,256,144,16,integrated-matched,1,0.472063988
CheckerLow,secondary-diffuse,packet-shuffled,builtin-binned-SAH,256,144,16,integrated-matched,2,0.455487996
CheckerLow,secondary-diffuse,packet-shuffled,builtin-binned-SAH,256,144,16,integrated-matched,3,0.458400011
CheckerLow,secondary-diffuse,packet-shuffled,builtin-binned-SAH,256,144,16,integrated-matched,4,0.473087996
CheckerLow,secondary-diffuse,packet-shuffled,builtin-binned-SAH,256,144,16,integrated-matched,5,0.455680013
CheckerLow,secondary-diffuse,packet-shuffled,builtin-binned-SAH,256,144,16,integrated-matched,6,0.459776014
CheckerLow,secondary-diffuse,packet-shuffled,builtin-binned-SAH,256,144,16,integrated-matched,7,0.473024011
CheckerLow,secondary-diffuse,packet-shuffled,builtin-binned-SAH,256,144,16,integrated-matched,8,0.457727998
CheckerLow,secondary-diffuse,packet-shuffled,builtin-binned-SAH,256,144,16,integrated-tensor,0,0.586816013
CheckerLow,secondary-diffuse,packet-shuffled,builtin-binned-SAH,256,144,16,integrated-tensor,1,0.586751997
CheckerLow,secondary-diffuse,packet-shuffled,builtin-binned-SAH,256,144,16,integrated-tensor,2,0.588800013
CheckerLow,secondary-diffuse,packet-shuffled,builtin-binned-SAH,256,144,16,integrated-tensor,3,0.588800013
CheckerLow,secondary-diffuse,packet-shuffled,builtin-binned-SAH,256,144,16,integrated-tensor,4,0.588800013
CheckerLow,secondary-diffuse,packet-shuffled,builtin-binned-SAH,256,144,16,integrated-tensor,5,0.580511987
CheckerLow,secondary-diffuse,packet-shuffled,builtin-binned-SAH,256,144,16,integrated-tensor,6,0.58572799
CheckerLow,secondary-diffuse,packet-shuffled,builtin-binned-SAH,256,144,16,integrated-tensor,7,0.587776005
CheckerLow,secondary-diffuse,packet-shuffled,builtin-binned-SAH,256,144,16,integrated-tensor,8,0.579584002
CheckerLow,secondary-diffuse,packet-shuffled,builtin-binned-SAH,256,144,16,separated-traversal,0,0.263168007
CheckerLow,secondary-diffuse,packet-shuffled,builtin-binned-SAH,256,144,16,separated-traversal,1,0.260096014
CheckerLow,secondary-diffuse,packet-shuffled,builtin-binned-SAH,256,144,16,separated-traversal,2,0.260096014
CheckerLow,secondary-diffuse,packet-shuffled,builtin-binned-SAH,256,144,16,separated-traversal,3,0.260960013
CheckerLow,secondary-diffuse,packet-shuffled,builtin-binned-SAH,256,144,16,separated-traversal,4,0.260096014
CheckerLow,secondary-diffuse,packet-shuffled,builtin-binned-SAH,256,144,16,separated-traversal,5,0.260096014
CheckerLow,secondary-diffuse,packet-shuffled,builtin-binned-SAH,256,144,16,separated-traversal,6,0.260096014
CheckerLow,secondary-diffuse,packet-shuffled,builtin-binned-SAH,256,144,16,separated-traversal,7,0.262143999
CheckerLow,secondary-diffuse,packet-shuffled,builtin-binned-SAH,256,144,16,separated-traversal,8,0.261023998
CheckerLow,secondary-diffuse,packet-shuffled,builtin-binned-SAH,256,144,16,separated-matched-leaves,0,0.215872005
CheckerLow,secondary-diffuse,packet-shuffled,builtin-binned-SAH,256,144,16,separated-matched-leaves,1,0.208895996
CheckerLow,secondary-diffuse,packet-shuffled,builtin-binned-SAH,256,144,16,separated-matched-leaves,2,0.208895996
CheckerLow,secondary-diffuse,packet-shuffled,builtin-binned-SAH,256,144,16,separated-matched-leaves,3,0.208895996
CheckerLow,secondary-diffuse,packet-shuffled,builtin-binned-SAH,256,144,16,separated-matched-leaves,4,0.209920004
CheckerLow,secondary-diffuse,packet-shuffled,builtin-binned-SAH,256,144,16,separated-matched-leaves,5,0.208895996
CheckerLow,secondary-diffuse,packet-shuffled,builtin-binned-SAH,256,144,16,separated-matched-leaves,6,0.208895996
CheckerLow,secondary-diffuse,packet-shuffled,builtin-binned-SAH,256,144,16,separated-matched-leaves,7,0.209792003
CheckerLow,secondary-diffuse,packet-shuffled,builtin-binned-SAH,256,144,16,separated-matched-leaves,8,0.209184006
CheckerLow,secondary-diffuse,packet-shuffled,builtin-binned-SAH,256,144,16,separated-tensor-leaves,0,0.308223993
CheckerLow,secondary-diffuse,packet-shuffled,builtin-binned-SAH,256,144,16,separated-tensor-leaves,1,0.307072014
CheckerLow,secondary-diffuse,packet-shuffled,builtin-binned-SAH,256,144,16,separated-tensor-leaves,2,0.320383996
CheckerLow,secondary-diffuse,packet-shuffled,builtin-binned-SAH,256,144,16,separated-tensor-leaves,3,0.306944013
CheckerLow,secondary-diffuse,packet-shuffled,builtin-binned-SAH,256,144,16,separated-tensor-leaves,4,0.306176007
CheckerLow,secondary-diffuse,packet-shuffled,builtin-binned-SAH,256,144,16,separated-tensor-leaves,5,0.307200015
CheckerLow,secondary-diffuse,packet-shuffled,builtin-binned-SAH,256,144,16,separated-tensor-leaves,6,0.307040006
CheckerLow,secondary-diffuse,packet-shuffled,builtin-binned-SAH,256,144,16,separated-tensor-leaves,7,0.307200015
CheckerLow,secondary-diffuse,packet-shuffled,builtin-binned-SAH,256,144,16,separated-tensor-leaves,8,0.307904005
CheckerMid,secondary-diffuse,pixel-ordered,builtin-binned-SAH,256,144,16,integrated-cuda32,0,0.474112004
CheckerMid,secondary-diffuse,pixel-ordered,builtin-binned-SAH,256,144,16,integrated-cuda32,1,0.462624013
CheckerMid,secondary-diffuse,pixel-ordered,builtin-binned-SAH,256,144,16,integrated-cuda32,2,0.462848008
CheckerMid,secondary-diffuse,pixel-ordered,builtin-binned-SAH,256,144,16,integrated-cuda32,3,0.449216008
CheckerMid,secondary-diffuse,pixel-ordered,builtin-binned-SAH,256,144,16,integrated-cuda32,4,0.464895993
CheckerMid,secondary-diffuse,pixel-ordered,builtin-binned-SAH,256,144,16,integrated-cuda32,5,0.462687999
CheckerMid,secondary-diffuse,pixel-ordered,builtin-binned-SAH,256,144,16,integrated-cuda32,6,0.446464002
CheckerMid,secondary-diffuse,pixel-ordered,builtin-binned-SAH,256,144,16,integrated-cuda32,7,0.463871986
CheckerMid,secondary-diffuse,pixel-ordered,builtin-binned-SAH,256,144,16,integrated-cuda32,8,0.46864
CheckerMid,secondary-diffuse,pixel-ordered,builtin-binned-SAH,256,144,16,integrated-matched,0,0.766655982
CheckerMid,secondary-diffuse,pixel-ordered,builtin-binned-SAH,256,144,16,integrated-matched,1,0.809984028
CheckerMid,secondary-diffuse,pixel-ordered,builtin-binned-SAH,256,144,16,integrated-matched,2,0.78640002
CheckerMid,secondary-diffuse,pixel-ordered,builtin-binned-SAH,256,144,16,integrated-matched,3,0.790495992
CheckerMid,secondary-diffuse,pixel-ordered,builtin-binned-SAH,256,144,16,integrated-matched,4,0.812031984
CheckerMid,secondary-diffuse,pixel-ordered,builtin-binned-SAH,256,144,16,integrated-matched,5,0.798367977
CheckerMid,secondary-diffuse,pixel-ordered,builtin-binned-SAH,256,144,16,integrated-matched,6,0.777216017
CheckerMid,secondary-diffuse,pixel-ordered,builtin-binned-SAH,256,144,16,integrated-matched,7,0.796447992
CheckerMid,secondary-diffuse,pixel-ordered,builtin-binned-SAH,256,144,16,integrated-matched,8,0.77916801
CheckerMid,secondary-diffuse,pixel-ordered,builtin-binned-SAH,256,144,16,integrated-tensor,0,1.002496
CheckerMid,secondary-diffuse,pixel-ordered,builtin-binned-SAH,256,144,16,integrated-tensor,1,1.00240004
CheckerMid,secondary-diffuse,pixel-ordered,builtin-binned-SAH,256,144,16,integrated-tensor,2,0.992991984
CheckerMid,secondary-diffuse,pixel-ordered,builtin-binned-SAH,256,144,16,integrated-tensor,3,0.997183979
CheckerMid,secondary-diffuse,pixel-ordered,builtin-binned-SAH,256,144,16,integrated-tensor,4,0.996352017
CheckerMid,secondary-diffuse,pixel-ordered,builtin-binned-SAH,256,144,16,integrated-tensor,5,0.992255986
CheckerMid,secondary-diffuse,pixel-ordered,builtin-binned-SAH,256,144,16,integrated-tensor,6,0.991136014
CheckerMid,secondary-diffuse,pixel-ordered,builtin-binned-SAH,256,144,16,integrated-tensor,7,0.997376025
CheckerMid,secondary-diffuse,pixel-ordered,builtin-binned-SAH,256,144,16,integrated-tensor,8,0.990975976
CheckerMid,secondary-diffuse,pixel-ordered,builtin-binned-SAH,256,144,16,separated-traversal,0,0.482304007
CheckerMid,secondary-diffuse,pixel-ordered,builtin-binned-SAH,256,144,16,separated-traversal,1,0.458752006
CheckerMid,secondary-diffuse,pixel-ordered,builtin-binned-SAH,256,144,16,separated-traversal,2,0.452607989
CheckerMid,secondary-diffuse,pixel-ordered,builtin-binned-SAH,256,144,16,separated-traversal,3,0.455680013
CheckerMid,secondary-diffuse,pixel-ordered,builtin-binned-SAH,256,144,16,separated-traversal,4,0.453631997
CheckerMid,secondary-diffuse,pixel-ordered,builtin-binned-SAH,256,144,16,separated-traversal,5,0.460799992
CheckerMid,secondary-diffuse,pixel-ordered,builtin-binned-SAH,256,144,16,separated-traversal,6,0.453631997
CheckerMid,secondary-diffuse,pixel-ordered,builtin-binned-SAH,256,144,16,separated-traversal,7,0.456703991
CheckerMid,secondary-diffuse,pixel-ordered,builtin-binned-SAH,256,144,16,separated-traversal,8,0.454656005
CheckerMid,secondary-diffuse,pixel-ordered,builtin-binned-SAH,256,144,16,separated-matched-leaves,0,0.364160001
CheckerMid,secondary-diffuse,pixel-ordered,builtin-binned-SAH,256,144,16,separated-matched-leaves,1,0.292160004
CheckerMid,secondary-diffuse,pixel-ordered,builtin-binned-SAH,256,144,16,separated-matched-leaves,2,0.293888003
CheckerMid,secondary-diffuse,pixel-ordered,builtin-binned-SAH,256,144,16,separated-matched-leaves,3,0.293888003
CheckerMid,secondary-diffuse,pixel-ordered,builtin-binned-SAH,256,144,16,separated-matched-leaves,4,0.292863995
CheckerMid,secondary-diffuse,pixel-ordered,builtin-binned-SAH,256,144,16,separated-matched-leaves,5,0.291839987
CheckerMid,secondary-diffuse,pixel-ordered,builtin-binned-SAH,256,144,16,separated-matched-leaves,6,0.291839987
CheckerMid,secondary-diffuse,pixel-ordered,builtin-binned-SAH,256,144,16,separated-matched-leaves,7,0.292863995
CheckerMid,secondary-diffuse,pixel-ordered,builtin-binned-SAH,256,144,16,separated-matched-leaves,8,0.293727994
CheckerMid,secondary-diffuse,pixel-ordered,builtin-binned-SAH,256,144,16,separated-tensor-leaves,0,0.518144011
CheckerMid,secondary-diffuse,pixel-ordered,builtin-binned-SAH,256,144,16,separated-tensor-leaves,1,0.513023973
CheckerMid,secondary-diffuse,pixel-ordered,builtin-binned-SAH,256,144,16,separated-tensor-leaves,2,0.514111996
CheckerMid,secondary-diffuse,pixel-ordered,builtin-binned-SAH,256,144,16,separated-tensor-leaves,3,0.51404798
CheckerMid,secondary-diffuse,pixel-ordered,builtin-binned-SAH,256,144,16,separated-tensor-leaves,4,0.512000024
CheckerMid,secondary-diffuse,pixel-ordered,builtin-binned-SAH,256,144,16,separated-tensor-leaves,5,0.517120004
CheckerMid,secondary-diffuse,pixel-ordered,builtin-binned-SAH,256,144,16,separated-tensor-leaves,6,0.517120004
CheckerMid,secondary-diffuse,pixel-ordered,builtin-binned-SAH,256,144,16,separated-tensor-leaves,7,0.515071988
CheckerMid,secondary-diffuse,pixel-ordered,builtin-binned-SAH,256,144,16,separated-tensor-leaves,8,0.51404798
CheckerMid,secondary-diffuse,packet-shuffled,builtin-binned-SAH,256,144,16,integrated-cuda32,0,0.477952003
CheckerMid,secondary-diffuse,packet-shuffled,builtin-binned-SAH,256,144,16,integrated-cuda32,1,0.470719993
CheckerMid,secondary-diffuse,packet-shuffled,builtin-binned-SAH,256,144,16,integrated-cuda32,2,0.47104001
CheckerMid,secondary-diffuse,packet-shuffled,builtin-binned-SAH,256,144,16,integrated-cuda32,3,0.465920001
CheckerMid,secondary-diffuse,packet-shuffled,builtin-binned-SAH,256,144,16,integrated-cuda32,4,0.468991995
CheckerMid,secondary-diffuse,packet-shuffled,builtin-binned-SAH,256,144,16,integrated-cuda32,5,0.468863994
CheckerMid,secondary-diffuse,packet-shuffled,builtin-binned-SAH,256,144,16,integrated-cuda32,6,0.462848008
CheckerMid,secondary-diffuse,packet-shuffled,builtin-binned-SAH,256,144,16,integrated-cuda32,7,0.472032011
CheckerMid,secondary-diffuse,packet-shuffled,builtin-binned-SAH,256,144,16,integrated-cuda32,8,0.467967987
CheckerMid,secondary-diffuse,packet-shuffled,builtin-binned-SAH,256,144,16,integrated-matched,0,0.843807995
CheckerMid,secondary-diffuse,packet-shuffled,builtin-binned-SAH,256,144,16,integrated-matched,1,0.847872019
CheckerMid,secondary-diffuse,packet-shuffled,builtin-binned-SAH,256,144,16,integrated-matched,2,0.844799995
CheckerMid,secondary-diffuse,packet-shuffled,builtin-binned-SAH,256,144,16,integrated-matched,3,0.838656008
CheckerMid,secondary-diffuse,packet-shuffled,builtin-binned-SAH,256,144,16,integrated-matched,4,0.851776004
CheckerMid,secondary-diffuse,packet-shuffled,builtin-binned-SAH,256,144,16,integrated-matched,5,0.847872019
CheckerMid,secondary-diffuse,packet-shuffled,builtin-binned-SAH,256,144,16,integrated-matched,6,0.835583985
CheckerMid,secondary-diffuse,packet-shuffled,builtin-binned-SAH,256,144,16,integrated-matched,7,0.847872019
CheckerMid,secondary-diffuse,packet-shuffled,builtin-binned-SAH,256,144,16,integrated-matched,8,0.836607993
CheckerMid,secondary-diffuse,packet-shuffled,builtin-binned-SAH,256,144,16,integrated-tensor,0,1.07724798
CheckerMid,secondary-diffuse,packet-shuffled,builtin-binned-SAH,256,144,16,integrated-tensor,1,1.07315195
CheckerMid,secondary-diffuse,packet-shuffled,builtin-binned-SAH,256,144,16,integrated-tensor,2,1.07929599
CheckerMid,secondary-diffuse,packet-shuffled,builtin-binned-SAH,256,144,16,integrated-tensor,3,1.07622397
CheckerMid,secondary-diffuse,packet-shuffled,builtin-binned-SAH,256,144,16,integrated-tensor,4,1.07315195
CheckerMid,secondary-diffuse,packet-shuffled,builtin-binned-SAH,256,144,16,integrated-tensor,5,1.08134401
CheckerMid,secondary-diffuse,packet-shuffled,builtin-binned-SAH,256,144,16,integrated-tensor,6,1.08544004
CheckerMid,secondary-diffuse,packet-shuffled,builtin-binned-SAH,256,144,16,integrated-tensor,7,1.07929599
CheckerMid,secondary-diffuse,packet-shuffled,builtin-binned-SAH,256,144,16,integrated-tensor,8,1.06975996
CheckerMid,secondary-diffuse,packet-shuffled,builtin-binned-SAH,256,144,16,separated-traversal,0,0.588800013
CheckerMid,secondary-diffuse,packet-shuffled,builtin-binned-SAH,256,144,16,separated-traversal,1,0.557024002
CheckerMid,secondary-diffuse,packet-shuffled,builtin-binned-SAH,256,144,16,separated-traversal,2,0.558080018
CheckerMid,secondary-diffuse,packet-shuffled,builtin-binned-SAH,256,144,16,separated-traversal,3,0.556032002
CheckerMid,secondary-diffuse,packet-shuffled,builtin-binned-SAH,256,144,16,separated-traversal,4,0.562175989
CheckerMid,secondary-diffuse,packet-shuffled,builtin-binned-SAH,256,144,16,separated-traversal,5,0.555007994
CheckerMid,secondary-diffuse,packet-shuffled,builtin-binned-SAH,256,144,16,separated-traversal,6,0.560127974
CheckerMid,secondary-diffuse,packet-shuffled,builtin-binned-SAH,256,144,16,separated-traversal,7,0.55705601
CheckerMid,secondary-diffuse,packet-shuffled,builtin-binned-SAH,256,144,16,separated-traversal,8,0.558080018
CheckerMid,secondary-diffuse,packet-shuffled,builtin-binned-SAH,256,144,16,separated-matched-leaves,0,0.344063997
CheckerMid,secondary-diffuse,packet-shuffled,builtin-binned-SAH,256,144,16,separated-matched-leaves,1,0.273407996
CheckerMid,secondary-diffuse,packet-shuffled,builtin-binned-SAH,256,144,16,separated-matched-leaves,2,0.274271995
CheckerMid,secondary-diffuse,packet-shuffled,builtin-binned-SAH,256,144,16,separated-matched-leaves,3,0.274143994
CheckerMid,secondary-diffuse,packet-shuffled,builtin-binned-SAH,256,144,16,separated-matched-leaves,4,0.273407996
CheckerMid,secondary-diffuse,packet-shuffled,builtin-binned-SAH,256,144,16,separated-matched-leaves,5,0.272383988
CheckerMid,secondary-diffuse,packet-shuffled,builtin-binned-SAH,256,144,16,separated-matched-leaves,6,0.272383988
CheckerMid,secondary-diffuse,packet-shuffled,builtin-binned-SAH,256,144,16,separated-matched-leaves,7,0.274432003
CheckerMid,secondary-diffuse,packet-shuffled,builtin-binned-SAH,256,144,16,separated-matched-leaves,8,0.274176002
CheckerMid,secondary-diffuse,packet-shuffled,builtin-binned-SAH,256,144,16,separated-tensor-leaves,0,0.479232013
CheckerMid,secondary-diffuse,packet-shuffled,builtin-binned-SAH,256,144,16,separated-tensor-leaves,1,0.480064005
CheckerMid,secondary-diffuse,packet-shuffled,builtin-binned-SAH,256,144,16,separated-tensor-leaves,2,0.479232013
CheckerMid,secondary-diffuse,packet-shuffled,builtin-binned-SAH,256,144,16,separated-tensor-leaves,3,0.483328015
CheckerMid,secondary-diffuse,packet-shuffled,builtin-binned-SAH,256,144,16,separated-tensor-leaves,4,0.478944004
CheckerMid,secondary-diffuse,packet-shuffled,builtin-binned-SAH,256,144,16,separated-tensor-leaves,5,0.479232013
CheckerMid,secondary-diffuse,packet-shuffled,builtin-binned-SAH,256,144,16,separated-tensor-leaves,6,0.478208005
CheckerMid,secondary-diffuse,packet-shuffled,builtin-binned-SAH,256,144,16,separated-tensor-leaves,7,0.480192006
CheckerMid,secondary-diffuse,packet-shuffled,builtin-binned-SAH,256,144,16,separated-tensor-leaves,8,0.479360014
CheckerHigh,secondary-diffuse,pixel-ordered,builtin-binned-SAH,256,144,16,integrated-cuda32,0,0.860863984
CheckerHigh,secondary-diffuse,pixel-ordered,builtin-binned-SAH,256,144,16,integrated-cuda32,1,0.847872019
CheckerHigh,secondary-diffuse,pixel-ordered,builtin-binned-SAH,256,144,16,integrated-cuda32,2,0.846848011
CheckerHigh,secondary-diffuse,pixel-ordered,builtin-binned-SAH,256,144,16,integrated-cuda32,3,0.831807971
CheckerHigh,secondary-diffuse,pixel-ordered,builtin-binned-SAH,256,144,16,integrated-cuda32,4,0.850943983
CheckerHigh,secondary-diffuse,pixel-ordered,builtin-binned-SAH,256,144,16,integrated-cuda32,5,0.846560001
CheckerHigh,secondary-diffuse,pixel-ordered,builtin-binned-SAH,256,144,16,integrated-cuda32,6,0.829439998
CheckerHigh,secondary-diffuse,pixel-ordered,builtin-binned-SAH,256,144,16,integrated-cuda32,7,0.843775988
CheckerHigh,secondary-diffuse,pixel-ordered,builtin-binned-SAH,256,144,16,integrated-cuda32,8,0.860159993
CheckerHigh,secondary-diffuse,pixel-ordered,builtin-binned-SAH,256,144,16,integrated-matched,0,1.59948802
CheckerHigh,secondary-diffuse,pixel-ordered,builtin-binned-SAH,256,144,16,integrated-matched,1,1.60870397
CheckerHigh,secondary-diffuse,pixel-ordered,builtin-binned-SAH,256,144,16,integrated-matched,2,1.59948802
CheckerHigh,secondary-diffuse,pixel-ordered,builtin-binned-SAH,256,144,16,integrated-matched,3,1.61587203
CheckerHigh,secondary-diffuse,pixel-ordered,builtin-binned-SAH,256,144,16,integrated-matched,4,1.60870397
CheckerHigh,secondary-diffuse,pixel-ordered,builtin-binned-SAH,256,144,16,integrated-matched,5,1.59740806
CheckerHigh,secondary-diffuse,pixel-ordered,builtin-binned-SAH,256,144,16,integrated-matched,6,1.60243201
CheckerHigh,secondary-diffuse,pixel-ordered,builtin-binned-SAH,256,144,16,integrated-matched,7,1.61484802
CheckerHigh,secondary-diffuse,pixel-ordered,builtin-binned-SAH,256,144,16,integrated-matched,8,1.61689603
CheckerHigh,secondary-diffuse,pixel-ordered,builtin-binned-SAH,256,144,16,integrated-tensor,0,1.78473604
CheckerHigh,secondary-diffuse,pixel-ordered,builtin-binned-SAH,256,144,16,integrated-tensor,1,1.779616
CheckerHigh,secondary-diffuse,pixel-ordered,builtin-binned-SAH,256,144,16,integrated-tensor,2,1.78380799
CheckerHigh,secondary-diffuse,pixel-ordered,builtin-binned-SAH,256,144,16,integrated-tensor,3,1.78150403
CheckerHigh,secondary-diffuse,pixel-ordered,builtin-binned-SAH,256,144,16,integrated-tensor,4,1.78076804
CheckerHigh,secondary-diffuse,pixel-ordered,builtin-binned-SAH,256,144,16,integrated-tensor,5,1.77561605
CheckerHigh,secondary-diffuse,pixel-ordered,builtin-binned-SAH,256,144,16,integrated-tensor,6,1.77561605
CheckerHigh,secondary-diffuse,pixel-ordered,builtin-binned-SAH,256,144,16,integrated-tensor,7,1.77686405
CheckerHigh,secondary-diffuse,pixel-ordered,builtin-binned-SAH,256,144,16,integrated-tensor,8,1.77945602
CheckerHigh,secondary-diffuse,pixel-ordered,builtin-binned-SAH,256,144,16,separated-traversal,0,1.36192
CheckerHigh,secondary-diffuse,pixel-ordered,builtin-binned-SAH,256,144,16,separated-traversal,1,1.35350394
CheckerHigh,secondary-diffuse,pixel-ordered,builtin-binned-SAH,256,144,16,separated-traversal,2,1.35679996
CheckerHigh,secondary-diffuse,pixel-ordered,builtin-binned-SAH,256,144,16,separated-traversal,3,1.34963202
CheckerHigh,secondary-diffuse,pixel-ordered,builtin-binned-SAH,256,144,16,separated-traversal,4,1.35884798
CheckerHigh,secondary-diffuse,pixel-ordered,builtin-binned-SAH,256,144,16,separated-traversal,5,1.35270405
CheckerHigh,secondary-diffuse,pixel-ordered,builtin-binned-SAH,256,144,16,separated-traversal,6,1.35679996
CheckerHigh,secondary-diffuse,pixel-ordered,builtin-binned-SAH,256,144,16,separated-traversal,7,1.348544
CheckerHigh,secondary-diffuse,pixel-ordered,builtin-binned-SAH,256,144,16,separated-traversal,8,1.35372806
CheckerHigh,secondary-diffuse,pixel-ordered,builtin-binned-SAH,256,144,16,separated-matched-leaves,0,0.714496017
CheckerHigh,secondary-diffuse,pixel-ordered,builtin-binned-SAH,256,144,16,separated-matched-leaves,1,0.704512
CheckerHigh,secondary-diffuse,pixel-ordered,builtin-binned-SAH,256,144,16,separated-matched-leaves,2,0.704512
CheckerHigh,secondary-diffuse,pixel-ordered,builtin-binned-SAH,256,144,16,separated-matched-leaves,3,0.704512
CheckerHigh,secondary-diffuse,pixel-ordered,builtin-binned-SAH,256,144,16,separated-matched-leaves,4,0.703487992
CheckerHigh,secondary-diffuse,pixel-ordered,builtin-binned-SAH,256,144,16,separated-matched-leaves,5,0.703487992
CheckerHigh,secondary-diffuse,pixel-ordered,builtin-binned-SAH,256,144,16,separated-matched-leaves,6,0.705536008
CheckerHigh,secondary-diffuse,pixel-ordered,builtin-binned-SAH,256,144,16,separated-matched-leaves,7,0.705407977
CheckerHigh,secondary-diffuse,pixel-ordered,builtin-binned-SAH,256,144,16,separated-matched-leaves,8,0.704512
CheckerHigh,secondary-diffuse,pixel-ordered,builtin-binned-SAH,256,144,16,separated-tensor-leaves,0,0.848896027
CheckerHigh,secondary-diffuse,pixel-ordered,builtin-binned-SAH,256,144,16,separated-tensor-leaves,1,0.844799995
CheckerHigh,secondary-diffuse,pixel-ordered,builtin-binned-SAH,256,144,16,separated-tensor-leaves,2,0.845824003
CheckerHigh,secondary-diffuse,pixel-ordered,builtin-binned-SAH,256,144,16,separated-tensor-leaves,3,0.845824003
CheckerHigh,secondary-diffuse,pixel-ordered,builtin-binned-SAH,256,144,16,separated-tensor-leaves,4,0.846848011
CheckerHigh,secondary-diffuse,pixel-ordered,builtin-binned-SAH,256,144,16,separated-tensor-leaves,5,0.845791996
CheckerHigh,secondary-diffuse,pixel-ordered,builtin-binned-SAH,256,144,16,separated-tensor-leaves,6,0.848896027
CheckerHigh,secondary-diffuse,pixel-ordered,builtin-binned-SAH,256,144,16,separated-tensor-leaves,7,0.846848011
CheckerHigh,secondary-diffuse,pixel-ordered,builtin-binned-SAH,256,144,16,separated-tensor-leaves,8,0.847872019
CheckerHigh,secondary-diffuse,packet-shuffled,builtin-binned-SAH,256,144,16,integrated-cuda32,0,0.806912005
CheckerHigh,secondary-diffuse,packet-shuffled,builtin-binned-SAH,256,144,16,integrated-cuda32,1,0.797568023
CheckerHigh,secondary-diffuse,packet-shuffled,builtin-binned-SAH,256,144,16,integrated-cuda32,2,0.801792026
CheckerHigh,secondary-diffuse,packet-shuffled,builtin-binned-SAH,256,144,16,integrated-cuda32,3,0.798720002
CheckerHigh,secondary-diffuse,packet-shuffled,builtin-binned-SAH,256,144,16,integrated-cuda32,4,0.800768018
CheckerHigh,secondary-diffuse,packet-shuffled,builtin-binned-SAH,256,144,16,integrated-cuda32,5,0.797695994
CheckerHigh,secondary-diffuse,packet-shuffled,builtin-binned-SAH,256,144,16,integrated-cuda32,6,0.801792026
CheckerHigh,secondary-diffuse,packet-shuffled,builtin-binned-SAH,256,144,16,integrated-cuda32,7,0.797695994
CheckerHigh,secondary-diffuse,packet-shuffled,builtin-binned-SAH,256,144,16,integrated-cuda32,8,0.807936013
CheckerHigh,secondary-diffuse,packet-shuffled,builtin-binned-SAH,256,144,16,integrated-matched,0,1.43257594
CheckerHigh,secondary-diffuse,packet-shuffled,builtin-binned-SAH,256,144,16,integrated-matched,1,1.43126404
CheckerHigh,secondary-diffuse,packet-shuffled,builtin-binned-SAH,256,144,16,integrated-matched,2,1.42848003
CheckerHigh,secondary-diffuse,packet-shuffled,builtin-binned-SAH,256,144,16,integrated-matched,3,1.42326403
CheckerHigh,secondary-diffuse,packet-shuffled,builtin-binned-SAH,256,144,16,integrated-matched,4,1.42950404
CheckerHigh,secondary-diffuse,packet-shuffled,builtin-binned-SAH,256,144,16,integrated-matched,5,1.424384
CheckerHigh,secondary-diffuse,packet-shuffled,builtin-binned-SAH,256,144,16,integrated-matched,6,1.42233598
CheckerHigh,secondary-diffuse,packet-shuffled,builtin-binned-SAH,256,144,16,integrated-matched,7,1.42617595
CheckerHigh,secondary-diffuse,packet-shuffled,builtin-binned-SAH,256,144,16,integrated-matched,8,1.42745602
CheckerHigh,secondary-diffuse,packet-shuffled,builtin-binned-SAH,256,144,16,integrated-tensor,0,1.65888
CheckerHigh,secondary-diffuse,packet-shuffled,builtin-binned-SAH,256,144,16,integrated-tensor,1,1.65785599
CheckerHigh,secondary-diffuse,packet-shuffled,builtin-binned-SAH,256,144,16,integrated-tensor,2,1.66265595
CheckerHigh,secondary-diffuse,packet-shuffled,builtin-binned-SAH,256,144,16,integrated-tensor,3,1.66604805
CheckerHigh,secondary-diffuse,packet-shuffled,builtin-binned-SAH,256,144,16,integrated-tensor,4,1.66195202
CheckerHigh,secondary-diffuse,packet-shuffled,builtin-binned-SAH,256,144,16,integrated-tensor,5,1.65375996
CheckerHigh,secondary-diffuse,packet-shuffled,builtin-binned-SAH,256,144,16,integrated-tensor,6,1.65375996
CheckerHigh,secondary-diffuse,packet-shuffled,builtin-binned-SAH,256,144,16,integrated-tensor,7,1.65683198
CheckerHigh,secondary-diffuse,packet-shuffled,builtin-binned-SAH,256,144,16,integrated-tensor,8,1.659904
CheckerHigh,secondary-diffuse,packet-shuffled,builtin-binned-SAH,256,144,16,separated-traversal,0,1.11487997
CheckerHigh,secondary-diffuse,packet-shuffled,builtin-binned-SAH,256,144,16,separated-traversal,1,1.10764802
CheckerHigh,secondary-diffuse,packet-shuffled,builtin-binned-SAH,256,144,16,separated-traversal,2,1.11411202
CheckerHigh,secondary-diffuse,packet-shuffled,builtin-binned-SAH,256,144,16,separated-traversal,3,1.112064
CheckerHigh,secondary-diffuse,packet-shuffled,builtin-binned-SAH,256,144,16,separated-traversal,4,1.11798406
CheckerHigh,secondary-diffuse,packet-shuffled,builtin-binned-SAH,256,144,16,separated-traversal,5,1.10591996
CheckerHigh,secondary-diffuse,packet-shuffled,builtin-binned-SAH,256,144,16,separated-traversal,6,1.11411202
CheckerHigh,secondary-diffuse,packet-shuffled,builtin-binned-SAH,256,144,16,separated-traversal,7,1.11001599
CheckerHigh,secondary-diffuse,packet-shuffled,builtin-binned-SAH,256,144,16,separated-traversal,8,1.120224
CheckerHigh,secondary-diffuse,packet-shuffled,builtin-binned-SAH,256,144,16,separated-matched-leaves,0,0.536575973
CheckerHigh,secondary-diffuse,packet-shuffled,builtin-binned-SAH,256,144,16,separated-matched-leaves,1,0.531455994
CheckerHigh,secondary-diffuse,packet-shuffled,builtin-binned-SAH,256,144,16,separated-matched-leaves,2,0.527360022
CheckerHigh,secondary-diffuse,packet-shuffled,builtin-binned-SAH,256,144,16,separated-matched-leaves,3,0.530207992
CheckerHigh,secondary-diffuse,packet-shuffled,builtin-binned-SAH,256,144,16,separated-matched-leaves,4,0.527360022
CheckerHigh,secondary-diffuse,packet-shuffled,builtin-binned-SAH,256,144,16,separated-matched-leaves,5,0.527999997
CheckerHigh,secondary-diffuse,packet-shuffled,builtin-binned-SAH,256,144,16,separated-matched-leaves,6,0.52838397
CheckerHigh,secondary-diffuse,packet-shuffled,builtin-binned-SAH,256,144,16,separated-matched-leaves,7,0.527360022
CheckerHigh,secondary-diffuse,packet-shuffled,builtin-binned-SAH,256,144,16,separated-matched-leaves,8,0.528191984
CheckerHigh,secondary-diffuse,packet-shuffled,builtin-binned-SAH,256,144,16,separated-tensor-leaves,0,0.672767997
CheckerHigh,secondary-diffuse,packet-shuffled,builtin-binned-SAH,256,144,16,separated-tensor-leaves,1,0.674816012
CheckerHigh,secondary-diffuse,packet-shuffled,builtin-binned-SAH,256,144,16,separated-tensor-leaves,2,0.673471987
CheckerHigh,secondary-diffuse,packet-shuffled,builtin-binned-SAH,256,144,16,separated-tensor-leaves,3,0.672767997
CheckerHigh,secondary-diffuse,packet-shuffled,builtin-binned-SAH,256,144,16,separated-tensor-leaves,4,0.67584002
CheckerHigh,secondary-diffuse,packet-shuffled,builtin-binned-SAH,256,144,16,separated-tensor-leaves,5,0.673792005
CheckerHigh,secondary-diffuse,packet-shuffled,builtin-binned-SAH,256,144,16,separated-tensor-leaves,6,0.673792005
CheckerHigh,secondary-diffuse,packet-shuffled,builtin-binned-SAH,256,144,16,separated-tensor-leaves,7,0.67158401
CheckerHigh,secondary-diffuse,packet-shuffled,builtin-binned-SAH,256,144,16,separated-tensor-leaves,8,0.671743989
Sibenik,secondary-diffuse,pixel-ordered,builtin-binned-SAH,256,144,16,integrated-cuda32,0,5.50707197
Sibenik,secondary-diffuse,pixel-ordered,builtin-binned-SAH,256,144,16,integrated-cuda32,1,5.5162878
Sibenik,secondary-diffuse,pixel-ordered,builtin-binned-SAH,256,144,16,integrated-cuda32,2,5.52038383
Sibenik,secondary-diffuse,pixel-ordered,builtin-binned-SAH,256,144,16,integrated-cuda32,3,5.53369617
Sibenik,secondary-diffuse,pixel-ordered,builtin-binned-SAH,256,144,16,integrated-cuda32,4,5.53369617
Sibenik,secondary-diffuse,pixel-ordered,builtin-binned-SAH,256,144,16,integrated-cuda32,5,5.52755213
Sibenik,secondary-diffuse,pixel-ordered,builtin-binned-SAH,256,144,16,integrated-cuda32,6,5.53676796
Sibenik,secondary-diffuse,pixel-ordered,builtin-binned-SAH,256,144,16,integrated-cuda32,7,5.52140808
Sibenik,secondary-diffuse,pixel-ordered,builtin-binned-SAH,256,144,16,integrated-cuda32,8,5.50809622
Sibenik,secondary-diffuse,pixel-ordered,builtin-binned-SAH,256,144,16,integrated-matched,0,9.44639969
Sibenik,secondary-diffuse,pixel-ordered,builtin-binned-SAH,256,144,16,integrated-matched,1,9.42182446
Sibenik,secondary-diffuse,pixel-ordered,builtin-binned-SAH,256,144,16,integrated-matched,2,9.4341116
Sibenik,secondary-diffuse,pixel-ordered,builtin-binned-SAH,256,144,16,integrated-matched,3,9.47097588
Sibenik,secondary-diffuse,pixel-ordered,builtin-binned-SAH,256,144,16,integrated-matched,4,9.43907166
Sibenik,secondary-diffuse,pixel-ordered,builtin-binned-SAH,256,144,16,integrated-matched,5,9.4433279
Sibenik,secondary-diffuse,pixel-ordered,builtin-binned-SAH,256,144,16,integrated-matched,6,9.44947243
Sibenik,secondary-diffuse,pixel-ordered,builtin-binned-SAH,256,144,16,integrated-matched,7,9.51193619
Sibenik,secondary-diffuse,pixel-ordered,builtin-binned-SAH,256,144,16,integrated-matched,8,9.46995163
Sibenik,secondary-diffuse,pixel-ordered,builtin-binned-SAH,256,144,16,integrated-tensor,0,10.5921602
Sibenik,secondary-diffuse,pixel-ordered,builtin-binned-SAH,256,144,16,integrated-tensor,1,10.617856
Sibenik,secondary-diffuse,pixel-ordered,builtin-binned-SAH,256,144,16,integrated-tensor,2,10.6065283
Sibenik,secondary-diffuse,pixel-ordered,builtin-binned-SAH,256,144,16,integrated-tensor,3,10.5748482
Sibenik,secondary-diffuse,pixel-ordered,builtin-binned-SAH,256,144,16,integrated-tensor,4,10.645504
Sibenik,secondary-diffuse,pixel-ordered,builtin-binned-SAH,256,144,16,integrated-tensor,5,10.6926079
Sibenik,secondary-diffuse,pixel-ordered,builtin-binned-SAH,256,144,16,integrated-tensor,6,10.650816
Sibenik,secondary-diffuse,pixel-ordered,builtin-binned-SAH,256,144,16,integrated-tensor,7,10.6618881
Sibenik,secondary-diffuse,pixel-ordered,builtin-binned-SAH,256,144,16,integrated-tensor,8,10.5881596
Sibenik,secondary-diffuse,pixel-ordered,builtin-binned-SAH,256,144,16,separated-traversal,0,10.673152
Sibenik,secondary-diffuse,pixel-ordered,builtin-binned-SAH,256,144,16,separated-traversal,1,10.7161598
Sibenik,secondary-diffuse,pixel-ordered,builtin-binned-SAH,256,144,16,separated-traversal,2,10.7202244
Sibenik,secondary-diffuse,pixel-ordered,builtin-binned-SAH,256,144,16,separated-traversal,3,10.6311684
Sibenik,secondary-diffuse,pixel-ordered,builtin-binned-SAH,256,144,16,separated-traversal,4,10.6946564
Sibenik,secondary-diffuse,pixel-ordered,builtin-binned-SAH,256,144,16,separated-traversal,5,10.6698561
Sibenik,secondary-diffuse,pixel-ordered,builtin-binned-SAH,256,144,16,separated-traversal,6,10.6833916
Sibenik,secondary-diffuse,pixel-ordered,builtin-binned-SAH,256,144,16,separated-traversal,7,10.6588163
Sibenik,secondary-diffuse,pixel-ordered,builtin-binned-SAH,256,144,16,separated-traversal,8,10.6598396
Sibenik,secondary-diffuse,pixel-ordered,builtin-binned-SAH,256,144,16,separated-matched-leaves,0,1.84832001
Sibenik,secondary-diffuse,pixel-ordered,builtin-binned-SAH,256,144,16,separated-matched-leaves,1,1.82988799
Sibenik,secondary-diffuse,pixel-ordered,builtin-binned-SAH,256,144,16,separated-matched-leaves,2,1.80531204
Sibenik,secondary-diffuse,pixel-ordered,builtin-binned-SAH,256,144,16,separated-matched-leaves,3,1.82662404
Sibenik,secondary-diffuse,pixel-ordered,builtin-binned-SAH,256,144,16,separated-matched-leaves,4,1.82239997
Sibenik,secondary-diffuse,pixel-ordered,builtin-binned-SAH,256,144,16,separated-matched-leaves,5,1.82358396
Sibenik,secondary-diffuse,pixel-ordered,builtin-binned-SAH,256,144,16,separated-matched-leaves,6,1.80428803
Sibenik,secondary-diffuse,pixel-ordered,builtin-binned-SAH,256,144,16,separated-matched-leaves,7,1.82169604
Sibenik,secondary-diffuse,pixel-ordered,builtin-binned-SAH,256,144,16,separated-matched-leaves,8,1.82467198
Sibenik,secondary-diffuse,pixel-ordered,builtin-binned-SAH,256,144,16,separated-tensor-leaves,0,2.66636801
Sibenik,secondary-diffuse,pixel-ordered,builtin-binned-SAH,256,144,16,separated-tensor-leaves,1,2.69209599
Sibenik,secondary-diffuse,pixel-ordered,builtin-binned-SAH,256,144,16,separated-tensor-leaves,2,2.69004798
Sibenik,secondary-diffuse,pixel-ordered,builtin-binned-SAH,256,144,16,separated-tensor-leaves,3,2.68252802
Sibenik,secondary-diffuse,pixel-ordered,builtin-binned-SAH,256,144,16,separated-tensor-leaves,4,2.68896008
Sibenik,secondary-diffuse,pixel-ordered,builtin-binned-SAH,256,144,16,separated-tensor-leaves,5,2.68287992
Sibenik,secondary-diffuse,pixel-ordered,builtin-binned-SAH,256,144,16,separated-tensor-leaves,6,2.68595195
Sibenik,secondary-diffuse,pixel-ordered,builtin-binned-SAH,256,144,16,separated-tensor-leaves,7,2.69593596
Sibenik,secondary-diffuse,pixel-ordered,builtin-binned-SAH,256,144,16,separated-tensor-leaves,8,2.73503995
Sibenik,secondary-diffuse,packet-shuffled,builtin-binned-SAH,256,144,16,integrated-cuda32,0,5.88800001
Sibenik,secondary-diffuse,packet-shuffled,builtin-binned-SAH,256,144,16,integrated-cuda32,1,5.84806395
Sibenik,secondary-diffuse,packet-shuffled,builtin-binned-SAH,256,144,16,integrated-cuda32,2,5.89001608
Sibenik,secondary-diffuse,packet-shuffled,builtin-binned-SAH,256,144,16,integrated-cuda32,3,5.87468815
Sibenik,secondary-diffuse,packet-shuffled,builtin-binned-SAH,256,144,16,integrated-cuda32,4,5.8685441
Sibenik,secondary-diffuse,packet-shuffled,builtin-binned-SAH,256,144,16,integrated-cuda32,5,5.87148809
Sibenik,secondary-diffuse,packet-shuffled,builtin-binned-SAH,256,144,16,integrated-cuda32,6,5.86649609
Sibenik,secondary-diffuse,packet-shuffled,builtin-binned-SAH,256,144,16,integrated-cuda32,7,5.89414406
Sibenik,secondary-diffuse,packet-shuffled,builtin-binned-SAH,256,144,16,integrated-cuda32,8,5.89603186
Sibenik,secondary-diffuse,packet-shuffled,builtin-binned-SAH,256,144,16,integrated-matched,0,12.4139519
Sibenik,secondary-diffuse,packet-shuffled,builtin-binned-SAH,256,144,16,integrated-matched,1,12.4106884
Sibenik,secondary-diffuse,packet-shuffled,builtin-binned-SAH,256,144,16,integrated-matched,2,12.4087677
Sibenik,secondary-diffuse,packet-shuffled,builtin-binned-SAH,256,144,16,integrated-matched,3,12.3924484
Sibenik,secondary-diffuse,packet-shuffled,builtin-binned-SAH,256,144,16,integrated-matched,4,12.3605757
Sibenik,secondary-diffuse,packet-shuffled,builtin-binned-SAH,256,144,16,integrated-matched,5,12.4170237
Sibenik,secondary-diffuse,packet-shuffled,builtin-binned-SAH,256,144,16,integrated-matched,6,12.3626556
Sibenik,secondary-diffuse,packet-shuffled,builtin-binned-SAH,256,144,16,integrated-matched,7,12.430336
Sibenik,secondary-diffuse,packet-shuffled,builtin-binned-SAH,256,144,16,integrated-matched,8,12.4351358
Sibenik,secondary-diffuse,packet-shuffled,builtin-binned-SAH,256,144,16,integrated-tensor,0,13.9509764
Sibenik,secondary-diffuse,packet-shuffled,builtin-binned-SAH,256,144,16,integrated-tensor,1,13.9499521
Sibenik,secondary-diffuse,packet-shuffled,builtin-binned-SAH,256,144,16,integrated-tensor,2,13.9079676
Sibenik,secondary-diffuse,packet-shuffled,builtin-binned-SAH,256,144,16,integrated-tensor,3,13.9663363
Sibenik,secondary-diffuse,packet-shuffled,builtin-binned-SAH,256,144,16,integrated-tensor,4,14.0390396
Sibenik,secondary-diffuse,packet-shuffled,builtin-binned-SAH,256,144,16,integrated-tensor,5,13.9028482
Sibenik,secondary-diffuse,packet-shuffled,builtin-binned-SAH,256,144,16,integrated-tensor,6,13.9069443
Sibenik,secondary-diffuse,packet-shuffled,builtin-binned-SAH,256,144,16,integrated-tensor,7,13.9407358
Sibenik,secondary-diffuse,packet-shuffled,builtin-binned-SAH,256,144,16,integrated-tensor,8,13.9182081
Sibenik,secondary-diffuse,packet-shuffled,builtin-binned-SAH,256,144,16,separated-traversal,0,13.8762236
Sibenik,secondary-diffuse,packet-shuffled,builtin-binned-SAH,256,144,16,separated-traversal,1,13.7318401
Sibenik,secondary-diffuse,packet-shuffled,builtin-binned-SAH,256,144,16,separated-traversal,2,13.7553921
Sibenik,secondary-diffuse,packet-shuffled,builtin-binned-SAH,256,144,16,separated-traversal,3,13.7492476
Sibenik,secondary-diffuse,packet-shuffled,builtin-binned-SAH,256,144,16,separated-traversal,4,13.7062397
Sibenik,secondary-diffuse,packet-shuffled,builtin-binned-SAH,256,144,16,separated-traversal,5,13.7030716
Sibenik,secondary-diffuse,packet-shuffled,builtin-binned-SAH,256,144,16,separated-traversal,6,13.6622076
Sibenik,secondary-diffuse,packet-shuffled,builtin-binned-SAH,256,144,16,separated-traversal,7,13.7318401
Sibenik,secondary-diffuse,packet-shuffled,builtin-binned-SAH,256,144,16,separated-traversal,8,13.7574396
Sibenik,secondary-diffuse,packet-shuffled,builtin-binned-SAH,256,144,16,separated-matched-leaves,0,2.18828797
Sibenik,secondary-diffuse,packet-shuffled,builtin-binned-SAH,256,144,16,separated-matched-leaves,1,2.14912009
Sibenik,secondary-diffuse,packet-shuffled,builtin-binned-SAH,256,144,16,separated-matched-leaves,2,2.14937592
Sibenik,secondary-diffuse,packet-shuffled,builtin-binned-SAH,256,144,16,separated-matched-leaves,3,2.17571211
Sibenik,secondary-diffuse,packet-shuffled,builtin-binned-SAH,256,144,16,separated-matched-leaves,4,2.14655995
Sibenik,secondary-diffuse,packet-shuffled,builtin-binned-SAH,256,144,16,separated-matched-leaves,5,2.150208
Sibenik,secondary-diffuse,packet-shuffled,builtin-binned-SAH,256,144,16,separated-matched-leaves,6,2.16064
Sibenik,secondary-diffuse,packet-shuffled,builtin-binned-SAH,256,144,16,separated-matched-leaves,7,2.14425611
Sibenik,secondary-diffuse,packet-shuffled,builtin-binned-SAH,256,144,16,separated-matched-leaves,8,2.14323211
Sibenik,secondary-diffuse,packet-shuffled,builtin-binned-SAH,256,144,16,separated-tensor-leaves,0,3.22355199
Sibenik,secondary-diffuse,packet-shuffled,builtin-binned-SAH,256,144,16,separated-tensor-leaves,1,3.19078398
Sibenik,secondary-diffuse,packet-shuffled,builtin-binned-SAH,256,144,16,separated-tensor-leaves,2,3.18361592
Sibenik,secondary-diffuse,packet-shuffled,builtin-binned-SAH,256,144,16,separated-tensor-leaves,3,3.19078398
Sibenik,secondary-diffuse,packet-shuffled,builtin-binned-SAH,256,144,16,separated-tensor-leaves,4,3.20377588
Sibenik,secondary-diffuse,packet-shuffled,builtin-binned-SAH,256,144,16,separated-tensor-leaves,5,3.21638393
Sibenik,secondary-diffuse,packet-shuffled,builtin-binned-SAH,256,144,16,separated-tensor-leaves,6,3.20921612
Sibenik,secondary-diffuse,packet-shuffled,builtin-binned-SAH,256,144,16,separated-tensor-leaves,7,3.21843195
Sibenik,secondary-diffuse,packet-shuffled,builtin-binned-SAH,256,144,16,separated-tensor-leaves,8,3.23174405
Sponza,secondary-diffuse,pixel-ordered,builtin-binned-SAH,256,144,16,integrated-cuda32,0,9.4771204
Sponza,secondary-diffuse,pixel-ordered,builtin-binned-SAH,256,144,16,integrated-cuda32,1,9.51500797
Sponza,secondary-diffuse,pixel-ordered,builtin-binned-SAH,256,144,16,integrated-cuda32,2,9.52627182
Sponza,secondary-diffuse,pixel-ordered,builtin-binned-SAH,256,144,16,integrated-cuda32,3,9.49855995
Sponza,secondary-diffuse,pixel-ordered,builtin-binned-SAH,256,144,16,integrated-cuda32,4,9.49657631
Sponza,secondary-diffuse,pixel-ordered,builtin-binned-SAH,256,144,16,integrated-cuda32,5,9.48732758
Sponza,secondary-diffuse,pixel-ordered,builtin-binned-SAH,256,144,16,integrated-cuda32,6,9.47097588
Sponza,secondary-diffuse,pixel-ordered,builtin-binned-SAH,256,144,16,integrated-cuda32,7,9.49657631
Sponza,secondary-diffuse,pixel-ordered,builtin-binned-SAH,256,144,16,integrated-cuda32,8,9.51807976
Sponza,secondary-diffuse,pixel-ordered,builtin-binned-SAH,256,144,16,integrated-matched,0,15.8298883
Sponza,secondary-diffuse,pixel-ordered,builtin-binned-SAH,256,144,16,integrated-matched,1,15.8197756
Sponza,secondary-diffuse,pixel-ordered,builtin-binned-SAH,256,144,16,integrated-matched,2,15.8238716
Sponza,secondary-diffuse,pixel-ordered,builtin-binned-SAH,256,144,16,integrated-matched,3,15.7909756
Sponza,secondary-diffuse,pixel-ordered,builtin-binned-SAH,256,144,16,integrated-matched,4,15.6895676
Sponza,secondary-diffuse,pixel-ordered,builtin-binned-SAH,256,144,16,integrated-matched,5,15.7573118
Sponza,secondary-diffuse,pixel-ordered,builtin-binned-SAH,256,144,16,integrated-matched,6,15.7693758
Sponza,secondary-diffuse,pixel-ordered,builtin-binned-SAH,256,144,16,integrated-matched,7,15.8371201
Sponza,secondary-diffuse,pixel-ordered,builtin-binned-SAH,256,144,16,integrated-matched,8,15.8463364
Sponza,secondary-diffuse,pixel-ordered,builtin-binned-SAH,256,144,16,integrated-tensor,0,17.6977921
Sponza,secondary-diffuse,pixel-ordered,builtin-binned-SAH,256,144,16,integrated-tensor,1,17.6916485
Sponza,secondary-diffuse,pixel-ordered,builtin-binned-SAH,256,144,16,integrated-tensor,2,17.7264633
Sponza,secondary-diffuse,pixel-ordered,builtin-binned-SAH,256,144,16,integrated-tensor,3,17.6803837
Sponza,secondary-diffuse,pixel-ordered,builtin-binned-SAH,256,144,16,integrated-tensor,4,17.6711674
Sponza,secondary-diffuse,pixel-ordered,builtin-binned-SAH,256,144,16,integrated-tensor,5,17.6934071
Sponza,secondary-diffuse,pixel-ordered,builtin-binned-SAH,256,144,16,integrated-tensor,6,17.6742401
Sponza,secondary-diffuse,pixel-ordered,builtin-binned-SAH,256,144,16,integrated-tensor,7,17.6650238
Sponza,secondary-diffuse,pixel-ordered,builtin-binned-SAH,256,144,16,integrated-tensor,8,17.7305603
Sponza,secondary-diffuse,pixel-ordered,builtin-binned-SAH,256,144,16,separated-traversal,0,19.847168
Sponza,secondary-diffuse,pixel-ordered,builtin-binned-SAH,256,144,16,separated-traversal,1,19.9309769
Sponza,secondary-diffuse,pixel-ordered,builtin-binned-SAH,256,144,16,separated-traversal,2,20.145216
Sponza,secondary-diffuse,pixel-ordered,builtin-binned-SAH,256,144,16,separated-traversal,3,20.0171528
Sponza,secondary-diffuse,pixel-ordered,builtin-binned-SAH,256,144,16,separated-traversal,4,19.9649277
Sponza,secondary-diffuse,pixel-ordered,builtin-binned-SAH,256,144,16,separated-traversal,5,20.0314236
Sponza,secondary-diffuse,pixel-ordered,builtin-binned-SAH,256,144,16,separated-traversal,6,19.9772167
Sponza,secondary-diffuse,pixel-ordered,builtin-binned-SAH,256,144,16,separated-traversal,7,19.9556484
Sponza,secondary-diffuse,pixel-ordered,builtin-binned-SAH,256,144,16,separated-traversal,8,19.9301128
Sponza,secondary-diffuse,pixel-ordered,builtin-binned-SAH,256,144,16,separated-matched-leaves,0,3.2071681
Sponza,secondary-diffuse,pixel-ordered,builtin-binned-SAH,256,144,16,separated-matched-leaves,1,3.20512009
Sponza,secondary-diffuse,pixel-ordered,builtin-binned-SAH,256,144,16,separated-matched-leaves,2,3.20921612
Sponza,secondary-diffuse,pixel-ordered,builtin-binned-SAH,256,144,16,separated-matched-leaves,3,3.22150397
Sponza,secondary-diffuse,pixel-ordered,builtin-binned-SAH,256,144,16,separated-matched-leaves,4,3.1848321
Sponza,secondary-diffuse,pixel-ordered,builtin-binned-SAH,256,144,16,separated-matched-leaves,5,3.22355199
Sponza,secondary-diffuse,pixel-ordered,builtin-binned-SAH,256,144,16,separated-matched-leaves,6,3.18748808
Sponza,secondary-diffuse,pixel-ordered,builtin-binned-SAH,256,144,16,separated-matched-leaves,7,3.17747211
Sponza,secondary-diffuse,pixel-ordered,builtin-binned-SAH,256,144,16,separated-matched-leaves,8,3.19689608
Sponza,secondary-diffuse,pixel-ordered,builtin-binned-SAH,256,144,16,separated-tensor-leaves,0,4.57523203
Sponza,secondary-diffuse,pixel-ordered,builtin-binned-SAH,256,144,16,separated-tensor-leaves,1,4.57215977
Sponza,secondary-diffuse,pixel-ordered,builtin-binned-SAH,256,144,16,separated-tensor-leaves,2,4.56908798
Sponza,secondary-diffuse,pixel-ordered,builtin-binned-SAH,256,144,16,separated-tensor-leaves,3,4.58544016
Sponza,secondary-diffuse,pixel-ordered,builtin-binned-SAH,256,144,16,separated-tensor-leaves,4,4.62620783
Sponza,secondary-diffuse,pixel-ordered,builtin-binned-SAH,256,144,16,separated-tensor-leaves,5,4.60873604
Sponza,secondary-diffuse,pixel-ordered,builtin-binned-SAH,256,144,16,separated-tensor-leaves,6,4.69913578
Sponza,secondary-diffuse,pixel-ordered,builtin-binned-SAH,256,144,16,separated-tensor-leaves,7,4.75238419
Sponza,secondary-diffuse,pixel-ordered,builtin-binned-SAH,256,144,16,separated-tensor-leaves,8,4.75135994
Sponza,secondary-diffuse,packet-shuffled,builtin-binned-SAH,256,144,16,integrated-cuda32,0,10.107872
Sponza,secondary-diffuse,packet-shuffled,builtin-binned-SAH,256,144,16,integrated-cuda32,1,10.149888
Sponza,secondary-diffuse,packet-shuffled,builtin-binned-SAH,256,144,16,integrated-cuda32,2,10.1539202
Sponza,secondary-diffuse,packet-shuffled,builtin-binned-SAH,256,144,16,integrated-cuda32,3,10.1601276
Sponza,secondary-diffuse,packet-shuffled,builtin-binned-SAH,256,144,16,integrated-cuda32,4,10.1662722
Sponza,secondary-diffuse,packet-shuffled,builtin-binned-SAH,256,144,16,integrated-cuda32,5,10.181632
Sponza,secondary-diffuse,packet-shuffled,builtin-binned-SAH,256,144,16,integrated-cuda32,6,10.1652479
Sponza,secondary-diffuse,packet-shuffled,builtin-binned-SAH,256,144,16,integrated-cuda32,7,10.1642237
Sponza,secondary-diffuse,packet-shuffled,builtin-binned-SAH,256,144,16,integrated-cuda32,8,10.1487684
Sponza,secondary-diffuse,packet-shuffled,builtin-binned-SAH,256,144,16,integrated-matched,0,20.9960957
Sponza,secondary-diffuse,packet-shuffled,builtin-binned-SAH,256,144,16,integrated-matched,1,20.9029121
Sponza,secondary-diffuse,packet-shuffled,builtin-binned-SAH,256,144,16,integrated-matched,2,20.9602566
Sponza,secondary-diffuse,packet-shuffled,builtin-binned-SAH,256,144,16,integrated-matched,3,20.8526077
Sponza,secondary-diffuse,packet-shuffled,builtin-binned-SAH,256,144,16,integrated-matched,4,20.8824329
Sponza,secondary-diffuse,packet-shuffled,builtin-binned-SAH,256,144,16,integrated-matched,5,21.2828159
Sponza,secondary-diffuse,packet-shuffled,builtin-binned-SAH,256,144,16,integrated-matched,6,21.0800648
Sponza,secondary-diffuse,packet-shuffled,builtin-binned-SAH,256,144,16,integrated-matched,7,21.0565128
Sponza,secondary-diffuse,packet-shuffled,builtin-binned-SAH,256,144,16,integrated-matched,8,21.0247688
Sponza,secondary-diffuse,packet-shuffled,builtin-binned-SAH,256,144,16,integrated-tensor,0,23.2202244
Sponza,secondary-diffuse,packet-shuffled,builtin-binned-SAH,256,144,16,integrated-tensor,1,23.2908802
Sponza,secondary-diffuse,packet-shuffled,builtin-binned-SAH,256,144,16,integrated-tensor,2,23.2650242
Sponza,secondary-diffuse,packet-shuffled,builtin-binned-SAH,256,144,16,integrated-tensor,3,23.1178246
Sponza,secondary-diffuse,packet-shuffled,builtin-binned-SAH,256,144,16,integrated-tensor,4,23.3451519
Sponza,secondary-diffuse,packet-shuffled,builtin-binned-SAH,256,144,16,integrated-tensor,5,23.5980797
Sponza,secondary-diffuse,packet-shuffled,builtin-binned-SAH,256,144,16,integrated-tensor,6,23.4526711
Sponza,secondary-diffuse,packet-shuffled,builtin-binned-SAH,256,144,16,integrated-tensor,7,23.3755512
Sponza,secondary-diffuse,packet-shuffled,builtin-binned-SAH,256,144,16,integrated-tensor,8,23.4052792
Sponza,secondary-diffuse,packet-shuffled,builtin-binned-SAH,256,144,16,separated-traversal,0,24.9977913
Sponza,secondary-diffuse,packet-shuffled,builtin-binned-SAH,256,144,16,separated-traversal,1,24.7767048
Sponza,secondary-diffuse,packet-shuffled,builtin-binned-SAH,256,144,16,separated-traversal,2,24.8921604
Sponza,secondary-diffuse,packet-shuffled,builtin-binned-SAH,256,144,16,separated-traversal,3,24.8719368
Sponza,secondary-diffuse,packet-shuffled,builtin-binned-SAH,256,144,16,separated-traversal,4,24.7797756
Sponza,secondary-diffuse,packet-shuffled,builtin-binned-SAH,256,144,16,separated-traversal,5,24.9576645
Sponza,secondary-diffuse,packet-shuffled,builtin-binned-SAH,256,144,16,separated-traversal,6,24.7982082
Sponza,secondary-diffuse,packet-shuffled,builtin-binned-SAH,256,144,16,separated-traversal,7,24.9538555
Sponza,secondary-diffuse,packet-shuffled,builtin-binned-SAH,256,144,16,separated-traversal,8,24.9291191
Sponza,secondary-diffuse,packet-shuffled,builtin-binned-SAH,256,144,16,separated-matched-leaves,0,3.53587198
Sponza,secondary-diffuse,packet-shuffled,builtin-binned-SAH,256,144,16,separated-matched-leaves,1,3.54099202
Sponza,secondary-diffuse,packet-shuffled,builtin-binned-SAH,256,144,16,separated-matched-leaves,2,3.54406404
Sponza,secondary-diffuse,packet-shuffled,builtin-binned-SAH,256,144,16,separated-matched-leaves,3,3.54201603
Sponza,secondary-diffuse,packet-shuffled,builtin-binned-SAH,256,144,16,separated-matched-leaves,4,3.53689599
Sponza,secondary-diffuse,packet-shuffled,builtin-binned-SAH,256,144,16,separated-matched-leaves,5,3.53279996
Sponza,secondary-diffuse,packet-shuffled,builtin-binned-SAH,256,144,16,separated-matched-leaves,6,3.52255988
Sponza,secondary-diffuse,packet-shuffled,builtin-binned-SAH,256,144,16,separated-matched-leaves,7,3.51936007
Sponza,secondary-diffuse,packet-shuffled,builtin-binned-SAH,256,144,16,separated-matched-leaves,8,3.4938879
Sponza,secondary-diffuse,packet-shuffled,builtin-binned-SAH,256,144,16,separated-tensor-leaves,0,5.00531197
Sponza,secondary-diffuse,packet-shuffled,builtin-binned-SAH,256,144,16,separated-tensor-leaves,1,5.04518414
Sponza,secondary-diffuse,packet-shuffled,builtin-binned-SAH,256,144,16,separated-tensor-leaves,2,5.07391977
Sponza,secondary-diffuse,packet-shuffled,builtin-binned-SAH,256,144,16,separated-tensor-leaves,3,5.11564779
Sponza,secondary-diffuse,packet-shuffled,builtin-binned-SAH,256,144,16,separated-tensor-leaves,4,5.08415985
Sponza,secondary-diffuse,packet-shuffled,builtin-binned-SAH,256,144,16,separated-tensor-leaves,5,5.11795187
Sponza,secondary-diffuse,packet-shuffled,builtin-binned-SAH,256,144,16,separated-tensor-leaves,6,5.28691196
Sponza,secondary-diffuse,packet-shuffled,builtin-binned-SAH,256,144,16,separated-tensor-leaves,7,5.24073601
Sponza,secondary-diffuse,packet-shuffled,builtin-binned-SAH,256,144,16,separated-tensor-leaves,8,5.28364801
