scene,ray_kind,ray_order,bvh_builder,tensor_variant,width,height,max_leaf_triangles,timing_scope,sample_index,milliseconds
Grid,secondary-diffuse,pixel-ordered,builtin-binned-SAH,uvt-depthsorted,256,144,4,integrated-cuda32,0,0.305151999
Grid,secondary-diffuse,pixel-ordered,builtin-binned-SAH,uvt-depthsorted,256,144,4,integrated-cuda32,1,0.304127991
Grid,secondary-diffuse,pixel-ordered,builtin-binned-SAH,uvt-depthsorted,256,144,4,integrated-cuda32,2,0.306111991
Grid,secondary-diffuse,pixel-ordered,builtin-binned-SAH,uvt-depthsorted,256,144,4,integrated-cuda32,3,0.282624006
Grid,secondary-diffuse,pixel-ordered,builtin-binned-SAH,uvt-depthsorted,256,144,4,integrated-cuda32,4,0.304127991
Grid,secondary-diffuse,pixel-ordered,builtin-binned-SAH,uvt-depthsorted,256,144,4,integrated-cuda32,5,0.304127991
Grid,secondary-diffuse,pixel-ordered,builtin-binned-SAH,uvt-depthsorted,256,144,4,integrated-cuda32,6,0.283455998
Grid,secondary-diffuse,pixel-ordered,builtin-binned-SAH,uvt-depthsorted,256,144,4,integrated-cuda32,7,0.306176007
Grid,secondary-diffuse,pixel-ordered,builtin-binned-SAH,uvt-depthsorted,256,144,4,integrated-cuda32,8,0.305151999
Grid,secondary-diffuse,pixel-ordered,builtin-binned-SAH,uvt-depthsorted,256,144,4,integrated-matched,0,0.643072009
Grid,secondary-diffuse,pixel-ordered,builtin-binned-SAH,uvt-depthsorted,256,144,4,integrated-matched,1,0.667648017
Grid,secondary-diffuse,pixel-ordered,builtin-binned-SAH,uvt-depthsorted,256,144,4,integrated-matched,2,0.643072009
Grid,secondary-diffuse,pixel-ordered,builtin-binned-SAH,uvt-depthsorted,256,144,4,integrated-matched,3,0.641023993
Grid,secondary-diffuse,pixel-ordered,builtin-binned-SAH,uvt-depthsorted,256,144,4,integrated-matched,4,0.667648017
Grid,secondary-diffuse,pixel-ordered,builtin-binned-SAH,uvt-depthsorted,256,144,4,integrated-matched,5,0.644096017
Grid,secondary-diffuse,pixel-ordered,builtin-binned-SAH,uvt-depthsorted,256,144,4,integrated-matched,6,0.643072009
Grid,secondary-diffuse,pixel-ordered,builtin-binned-SAH,uvt-depthsorted,256,144,4,integrated-matched,7,0.667648017
Grid,secondary-diffuse,pixel-ordered,builtin-binned-SAH,uvt-depthsorted,256,144,4,integrated-matched,8,0.642975986
Grid,secondary-diffuse,pixel-ordered,builtin-binned-SAH,uvt-depthsorted,256,144,4,integrated-tensor,0,0.655359983
Grid,secondary-diffuse,pixel-ordered,builtin-binned-SAH,uvt-depthsorted,256,144,4,integrated-tensor,1,0.653216004
Grid,secondary-diffuse,pixel-ordered,builtin-binned-SAH,uvt-depthsorted,256,144,4,integrated-tensor,2,0.647167981
Grid,secondary-diffuse,pixel-ordered,builtin-binned-SAH,uvt-depthsorted,256,144,4,integrated-tensor,3,0.652159989
Grid,secondary-diffuse,pixel-ordered,builtin-binned-SAH,uvt-depthsorted,256,144,4,integrated-tensor,4,0.649151981
Grid,secondary-diffuse,pixel-ordered,builtin-binned-SAH,uvt-depthsorted,256,144,4,integrated-tensor,5,0.648191988
Grid,secondary-diffuse,pixel-ordered,builtin-binned-SAH,uvt-depthsorted,256,144,4,integrated-tensor,6,0.65228802
Grid,secondary-diffuse,pixel-ordered,builtin-binned-SAH,uvt-depthsorted,256,144,4,integrated-tensor,7,0.656383991
Grid,secondary-diffuse,pixel-ordered,builtin-binned-SAH,uvt-depthsorted,256,144,4,integrated-tensor,8,0.650240004
Grid,secondary-diffuse,pixel-ordered,builtin-binned-SAH,uvt-depthsorted,256,144,4,separated-traversal,0,0.724991977
Grid,secondary-diffuse,pixel-ordered,builtin-binned-SAH,uvt-depthsorted,256,144,4,separated-traversal,1,0.722944021
Grid,secondary-diffuse,pixel-ordered,builtin-binned-SAH,uvt-depthsorted,256,144,4,separated-traversal,2,0.723968029
Grid,secondary-diffuse,pixel-ordered,builtin-binned-SAH,uvt-depthsorted,256,144,4,separated-traversal,3,0.723968029
Grid,secondary-diffuse,pixel-ordered,builtin-binned-SAH,uvt-depthsorted,256,144,4,separated-traversal,4,0.723968029
Grid,secondary-diffuse,pixel-ordered,builtin-binned-SAH,uvt-depthsorted,256,144,4,separated-traversal,5,0.722944021
Grid,secondary-diffuse,pixel-ordered,builtin-binned-SAH,uvt-depthsorted,256,144,4,separated-traversal,6,0.723968029
Grid,secondary-diffuse,pixel-ordered,builtin-binned-SAH,uvt-depthsorted,256,144,4,separated-traversal,7,0.723743975
Grid,secondary-diffuse,pixel-ordered,builtin-binned-SAH,uvt-depthsorted,256,144,4,separated-traversal,8,0.722944021
Grid,secondary-diffuse,pixel-ordered,builtin-binned-SAH,uvt-depthsorted,256,144,4,separated-matched-leaves,0,0.137216002
Grid,secondary-diffuse,pixel-ordered,builtin-binned-SAH,uvt-depthsorted,256,144,4,separated-matched-leaves,1,0.133024007
Grid,secondary-diffuse,pixel-ordered,builtin-binned-SAH,uvt-depthsorted,256,144,4,separated-matched-leaves,2,0.132095993
Grid,secondary-diffuse,pixel-ordered,builtin-binned-SAH,uvt-depthsorted,256,144,4,separated-matched-leaves,3,0.132095993
Grid,secondary-diffuse,pixel-ordered,builtin-binned-SAH,uvt-depthsorted,256,144,4,separated-matched-leaves,4,0.13312
Grid,secondary-diffuse,pixel-ordered,builtin-binned-SAH,uvt-depthsorted,256,144,4,separated-matched-leaves,5,0.13312
Grid,secondary-diffuse,pixel-ordered,builtin-binned-SAH,uvt-depthsorted,256,144,4,separated-matched-leaves,6,0.132896006
Grid,secondary-diffuse,pixel-ordered,builtin-binned-SAH,uvt-depthsorted,256,144,4,separated-matched-leaves,7,0.132095993
Grid,secondary-diffuse,pixel-ordered,builtin-binned-SAH,uvt-depthsorted,256,144,4,separated-matched-leaves,8,0.132095993
Grid,secondary-diffuse,pixel-ordered,builtin-binned-SAH,uvt-depthsorted,256,144,4,separated-tensor-leaves,0,0.115552001
Grid,secondary-diffuse,pixel-ordered,builtin-binned-SAH,uvt-depthsorted,256,144,4,separated-tensor-leaves,1,0.105471998
Grid,secondary-diffuse,pixel-ordered,builtin-binned-SAH,uvt-depthsorted,256,144,4,separated-tensor-leaves,2,0.104447998
Grid,secondary-diffuse,pixel-ordered,builtin-binned-SAH,uvt-depthsorted,256,144,4,separated-tensor-leaves,3,0.104447998
Grid,secondary-diffuse,pixel-ordered,builtin-binned-SAH,uvt-depthsorted,256,144,4,separated-tensor-leaves,4,0.105471998
Grid,secondary-diffuse,pixel-ordered,builtin-binned-SAH,uvt-depthsorted,256,144,4,separated-tensor-leaves,5,0.104447998
Grid,secondary-diffuse,pixel-ordered,builtin-binned-SAH,uvt-depthsorted,256,144,4,separated-tensor-leaves,6,0.104447998
Grid,secondary-diffuse,pixel-ordered,builtin-binned-SAH,uvt-depthsorted,256,144,4,separated-tensor-leaves,7,0.105471998
Grid,secondary-diffuse,pixel-ordered,builtin-binned-SAH,uvt-depthsorted,256,144,4,separated-tensor-leaves,8,0.105471998
Grid,secondary-diffuse,packet-shuffled,builtin-binned-SAH,uvt-depthsorted,256,144,4,integrated-cuda32,0,0.311295986
Grid,secondary-diffuse,packet-shuffled,builtin-binned-SAH,uvt-depthsorted,256,144,4,integrated-cuda32,1,0.318271995
Grid,secondary-diffuse,packet-shuffled,builtin-binned-SAH,uvt-depthsorted,256,144,4,integrated-cuda32,2,0.313344002
Grid,secondary-diffuse,packet-shuffled,builtin-binned-SAH,uvt-depthsorted,256,144,4,integrated-cuda32,3,0.294847995
Grid,secondary-diffuse,packet-shuffled,builtin-binned-SAH,uvt-depthsorted,256,144,4,integrated-cuda32,4,0.319487989
Grid,secondary-diffuse,packet-shuffled,builtin-binned-SAH,uvt-depthsorted,256,144,4,integrated-cuda32,5,0.316415995
Grid,secondary-diffuse,packet-shuffled,builtin-binned-SAH,uvt-depthsorted,256,144,4,integrated-cuda32,6,0.297984004
Grid,secondary-diffuse,packet-shuffled,builtin-binned-SAH,uvt-depthsorted,256,144,4,integrated-cuda32,7,0.318464011
Grid,secondary-diffuse,packet-shuffled,builtin-binned-SAH,uvt-depthsorted,256,144,4,integrated-cuda32,8,0.313151985
Grid,secondary-diffuse,packet-shuffled,builtin-binned-SAH,uvt-depthsorted,256,144,4,integrated-matched,0,0.719871998
Grid,secondary-diffuse,packet-shuffled,builtin-binned-SAH,uvt-depthsorted,256,144,4,integrated-matched,1,0.739296019
Grid,secondary-diffuse,packet-shuffled,builtin-binned-SAH,uvt-depthsorted,256,144,4,integrated-matched,2,0.718591988
Grid,secondary-diffuse,packet-shuffled,builtin-binned-SAH,uvt-depthsorted,256,144,4,integrated-matched,3,0.719871998
Grid,secondary-diffuse,packet-shuffled,builtin-binned-SAH,uvt-depthsorted,256,144,4,integrated-matched,4,0.738304019
Grid,secondary-diffuse,packet-shuffled,builtin-binned-SAH,uvt-depthsorted,256,144,4,integrated-matched,5,0.71884799
Grid,secondary-diffuse,packet-shuffled,builtin-binned-SAH,uvt-depthsorted,256,144,4,integrated-matched,6,0.71884799
Grid,secondary-diffuse,packet-shuffled,builtin-binned-SAH,uvt-depthsorted,256,144,4,integrated-matched,7,0.739328027
Grid,secondary-diffuse,packet-shuffled,builtin-binned-SAH,uvt-depthsorted,256,144,4,integrated-matched,8,0.719615996
Grid,secondary-diffuse,packet-shuffled,builtin-binned-SAH,uvt-depthsorted,256,144,4,integrated-tensor,0,0.734207988
Grid,secondary-diffuse,packet-shuffled,builtin-binned-SAH,uvt-depthsorted,256,144,4,integrated-tensor,1,0.729088008
Grid,secondary-diffuse,packet-shuffled,builtin-binned-SAH,uvt-depthsorted,256,144,4,integrated-tensor,2,0.729088008
Grid,secondary-diffuse,packet-shuffled,builtin-binned-SAH,uvt-depthsorted,256,144,4,integrated-tensor,3,0.729088008
Grid,secondary-diffuse,packet-shuffled,builtin-binned-SAH,uvt-depthsorted,256,144,4,integrated-tensor,4,0.732288003
Grid,secondary-diffuse,packet-shuffled,builtin-binned-SAH,uvt-depthsorted,256,144,4,integrated-tensor,5,0.730112016
Grid,secondary-diffuse,packet-shuffled,builtin-binned-SAH,uvt-depthsorted,256,144,4,integrated-tensor,6,0.730112016
Grid,secondary-diffuse,packet-shuffled,builtin-binned-SAH,uvt-depthsorted,256,144,4,integrated-tensor,7,0.73318398
Grid,secondary-diffuse,packet-shuffled,builtin-binned-SAH,uvt-depthsorted,256,144,4,integrated-tensor,8,0.728064001
Grid,secondary-diffuse,packet-shuffled,builtin-binned-SAH,uvt-depthsorted,256,144,4,separated-traversal,0,0.855135977
Grid,secondary-diffuse,packet-shuffled,builtin-binned-SAH,uvt-depthsorted,256,144,4,separated-traversal,1,0.846848011
Grid,secondary-diffuse,packet-shuffled,builtin-binned-SAH,uvt-depthsorted,256,144,4,separated-traversal,2,0.849919975
Grid,secondary-diffuse,packet-shuffled,builtin-binned-SAH,uvt-depthsorted,256,144,4,separated-traversal,3,0.850816011
Grid,secondary-diffuse,packet-shuffled,builtin-binned-SAH,uvt-depthsorted,256,144,4,separated-traversal,4,0.850048006
Grid,secondary-diffuse,packet-shuffled,builtin-binned-SAH,uvt-depthsorted,256,144,4,separated-traversal,5,0.848671973
Grid,secondary-diffuse,packet-shuffled,builtin-binned-SAH,uvt-depthsorted,256,144,4,separated-traversal,6,0.850751996
Grid,secondary-diffuse,packet-shuffled,builtin-binned-SAH,uvt-depthsorted,256,144,4,separated-traversal,7,0.849919975
Grid,secondary-diffuse,packet-shuffled,builtin-binned-SAH,uvt-depthsorted,256,144,4,separated-traversal,8,0.85196799
Grid,secondary-diffuse,packet-shuffled,builtin-binned-SAH,uvt-depthsorted,256,144,4,separated-matched-leaves,0,0.131072
Grid,secondary-diffuse,packet-shuffled,builtin-binned-SAH,uvt-depthsorted,256,144,4,separated-matched-leaves,1,0.128000006
Grid,secondary-diffuse,packet-shuffled,builtin-binned-SAH,uvt-depthsorted,256,144,4,separated-matched-leaves,2,0.128000006
Grid,secondary-diffuse,packet-shuffled,builtin-binned-SAH,uvt-depthsorted,256,144,4,separated-matched-leaves,3,0.128000006
Grid,secondary-diffuse,packet-shuffled,builtin-binned-SAH,uvt-depthsorted,256,144,4,separated-matched-leaves,4,0.127168
Grid,secondary-diffuse,packet-shuffled,builtin-binned-SAH,uvt-depthsorted,256,144,4,separated-matched-leaves,5,0.126975998
Grid,secondary-diffuse,packet-shuffled,builtin-binned-SAH,uvt-depthsorted,256,144,4,separated-matched-leaves,6,0.128000006
Grid,secondary-diffuse,packet-shuffled,builtin-binned-SAH,uvt-depthsorted,256,144,4,separated-matched-leaves,7,0.126975998
Grid,secondary-diffuse,packet-shuffled,builtin-binned-SAH,uvt-depthsorted,256,144,4,separated-matched-leaves,8,0.127872005
Grid,secondary-diffuse,packet-shuffled,builtin-binned-SAH,uvt-depthsorted,256,144,4,separated-tensor-leaves,0,0.106495999
Grid,secondary-diffuse,packet-shuffled,builtin-binned-SAH,uvt-depthsorted,256,144,4,separated-tensor-leaves,1,0.0983040035
Grid,secondary-diffuse,packet-shuffled,builtin-binned-SAH,uvt-depthsorted,256,144,4,separated-tensor-leaves,2,0.0993279964
Grid,secondary-diffuse,packet-shuffled,builtin-binned-SAH,uvt-depthsorted,256,144,4,separated-tensor-leaves,3,0.0993279964
Grid,secondary-diffuse,packet-shuffled,builtin-binned-SAH,uvt-depthsorted,256,144,4,separated-tensor-leaves,4,0.0991040021
Grid,secondary-diffuse,packet-shuffled,builtin-binned-SAH,uvt-depthsorted,256,144,4,separated-tensor-leaves,5,0.0993279964
Grid,secondary-diffuse,packet-shuffled,builtin-binned-SAH,uvt-depthsorted,256,144,4,separated-tensor-leaves,6,0.0983040035
Grid,secondary-diffuse,packet-shuffled,builtin-binned-SAH,uvt-depthsorted,256,144,4,separated-tensor-leaves,7,0.0983360037
Grid,secondary-diffuse,packet-shuffled,builtin-binned-SAH,uvt-depthsorted,256,144,4,separated-tensor-leaves,8,0.0983040035
Grid,secondary-diffuse,pixel-ordered,builtin-binned-SAH,uvt-depthsorted,256,144,8,integrated-cuda32,0,0.312319994
Grid,secondary-diffuse,pixel-ordered,builtin-binned-SAH,uvt-depthsorted,256,144,8,integrated-cuda32,1,0.321536005
Grid,secondary-diffuse,pixel-ordered,builtin-binned-SAH,uvt-depthsorted,256,144,8,integrated-cuda32,2,0.327455997
Grid,secondary-diffuse,pixel-ordered,builtin-binned-SAH,uvt-depthsorted,256,144,8,integrated-cuda32,3,0.287584007
Grid,secondary-diffuse,pixel-ordered,builtin-binned-SAH,uvt-depthsorted,256,144,8,integrated-cuda32,4,0.325632006
Grid,secondary-diffuse,pixel-ordered,builtin-binned-SAH,uvt-depthsorted,256,144,8,integrated-cuda32,5,0.320576012
Grid,secondary-diffuse,pixel-ordered,builtin-binned-SAH,uvt-depthsorted,256,144,8,integrated-cuda32,6,0.288767993
Grid,secondary-diffuse,pixel-ordered,builtin-binned-SAH,uvt-depthsorted,256,144,8,integrated-cuda32,7,0.322560012
Grid,secondary-diffuse,pixel-ordered,builtin-binned-SAH,uvt-depthsorted,256,144,8,integrated-cuda32,8,0.328704
Grid,secondary-diffuse,pixel-ordered,builtin-binned-SAH,uvt-depthsorted,256,144,8,integrated-matched,0,0.558080018
Grid,secondary-diffuse,pixel-ordered,builtin-binned-SAH,uvt-depthsorted,256,144,8,integrated-matched,1,0.58572799
Grid,secondary-diffuse,pixel-ordered,builtin-binned-SAH,uvt-depthsorted,256,144,8,integrated-matched,2,0.556032002
Grid,secondary-diffuse,pixel-ordered,builtin-binned-SAH,uvt-depthsorted,256,144,8,integrated-matched,3,0.557215989
Grid,secondary-diffuse,pixel-ordered,builtin-binned-SAH,uvt-depthsorted,256,144,8,integrated-matched,4,0.58572799
Grid,secondary-diffuse,pixel-ordered,builtin-binned-SAH,uvt-depthsorted,256,144,8,integrated-matched,5,0.557024002
Grid,secondary-diffuse,pixel-ordered,builtin-binned-SAH,uvt-depthsorted,256,144,8,integrated-matched,6,0.555903971
Grid,secondary-diffuse,pixel-ordered,builtin-binned-SAH,uvt-depthsorted,256,144,8,integrated-matched,7,0.58572799
Grid,secondary-diffuse,pixel-ordered,builtin-binned-SAH,uvt-depthsorted,256,144,8,integrated-matched,8,0.55705601
Grid,secondary-diffuse,pixel-ordered,builtin-binned-SAH,uvt-depthsorted,256,144,8,integrated-tensor,0,0.545791984
Grid,secondary-diffuse,pixel-ordered,builtin-binned-SAH,uvt-depthsorted,256,144,8,integrated-tensor,1,0.548864007
Grid,secondary-diffuse,pixel-ordered,builtin-binned-SAH,uvt-depthsorted,256,144,8,integrated-tensor,2,0.545791984
Grid,secondary-diffuse,pixel-ordered,builtin-binned-SAH,uvt-depthsorted,256,144,8,integrated-tensor,3,0.544767976
Grid,secondary-diffuse,pixel-ordered,builtin-binned-SAH,uvt-depthsorted,256,144,8,integrated-tensor,4,0.547839999
Grid,secondary-diffuse,pixel-ordered,builtin-binned-SAH,uvt-depthsorted,256,144,8,integrated-tensor,5,0.546815991
Grid,secondary-diffuse,pixel-ordered,builtin-binned-SAH,uvt-depthsorted,256,144,8,integrated-tensor,6,0.546815991
Grid,secondary-diffuse,pixel-ordered,builtin-binned-SAH,uvt-depthsorted,256,144,8,integrated-tensor,7,0.546656013
Grid,secondary-diffuse,pixel-ordered,builtin-binned-SAH,uvt-depthsorted,256,144,8,integrated-tensor,8,0.544767976
Grid,secondary-diffuse,pixel-ordered,builtin-binned-SAH,uvt-depthsorted,256,144,8,separated-traversal,0,0.556032002
Grid,secondary-diffuse,pixel-ordered,builtin-binned-SAH,uvt-depthsorted,256,144,8,separated-traversal,1,0.555007994
Grid,secondary-diffuse,pixel-ordered,builtin-binned-SAH,uvt-depthsorted,256,144,8,separated-traversal,2,0.555007994
Grid,secondary-diffuse,pixel-ordered,builtin-binned-SAH,uvt-depthsorted,256,144,8,separated-traversal,3,0.556032002
Grid,secondary-diffuse,pixel-ordered,builtin-binned-SAH,uvt-depthsorted,256,144,8,separated-traversal,4,0.556032002
Grid,secondary-diffuse,pixel-ordered,builtin-binned-SAH,uvt-depthsorted,256,144,8,separated-traversal,5,0.555007994
Grid,secondary-diffuse,pixel-ordered,builtin-binned-SAH,uvt-depthsorted,256,144,8,separated-traversal,6,0.555007994
Grid,secondary-diffuse,pixel-ordered,builtin-binned-SAH,uvt-depthsorted,256,144,8,separated-traversal,7,0.555007994
Grid,secondary-diffuse,pixel-ordered,builtin-binned-SAH,uvt-depthsorted,256,144,8,separated-traversal,8,0.555007994
Grid,secondary-diffuse,pixel-ordered,builtin-binned-SAH,uvt-depthsorted,256,144,8,separated-matched-leaves,0,0.2016
Grid,secondary-diffuse,pixel-ordered,builtin-binned-SAH,uvt-depthsorted,256,144,8,separated-matched-leaves,1,0.194560006
Grid,secondary-diffuse,pixel-ordered,builtin-binned-SAH,uvt-depthsorted,256,144,8,separated-matched-leaves,2,0.195583999
Grid,secondary-diffuse,pixel-ordered,builtin-binned-SAH,uvt-depthsorted,256,144,8,separated-matched-leaves,3,0.195583999
Grid,secondary-diffuse,pixel-ordered,builtin-binned-SAH,uvt-depthsorted,256,144,8,separated-matched-leaves,4,0.195552006
Grid,secondary-diffuse,pixel-ordered,builtin-binned-SAH,uvt-depthsorted,256,144,8,separated-matched-leaves,5,0.194560006
Grid,secondary-diffuse,pixel-ordered,builtin-binned-SAH,uvt-depthsorted,256,144,8,separated-matched-leaves,6,0.194560006
Grid,secondary-diffuse,pixel-ordered,builtin-binned-SAH,uvt-depthsorted,256,144,8,separated-matched-leaves,7,0.195583999
Grid,secondary-diffuse,pixel-ordered,builtin-binned-SAH,uvt-depthsorted,256,144,8,separated-matched-leaves,8,0.195583999
Grid,secondary-diffuse,pixel-ordered,builtin-binned-SAH,uvt-depthsorted,256,144,8,separated-tensor-leaves,0,0.163839996
Grid,secondary-diffuse,pixel-ordered,builtin-binned-SAH,uvt-depthsorted,256,144,8,separated-tensor-leaves,1,0.152575999
Grid,secondary-diffuse,pixel-ordered,builtin-binned-SAH,uvt-depthsorted,256,144,8,separated-tensor-leaves,2,0.153408006
Grid,secondary-diffuse,pixel-ordered,builtin-binned-SAH,uvt-depthsorted,256,144,8,separated-tensor-leaves,3,0.152575999
Grid,secondary-diffuse,pixel-ordered,builtin-binned-SAH,uvt-depthsorted,256,144,8,separated-tensor-leaves,4,0.152575999
Grid,secondary-diffuse,pixel-ordered,builtin-binned-SAH,uvt-depthsorted,256,144,8,separated-tensor-leaves,5,0.152575999
Grid,secondary-diffuse,pixel-ordered,builtin-binned-SAH,uvt-depthsorted,256,144,8,separated-tensor-leaves,6,0.152575999
Grid,secondary-diffuse,pixel-ordered,builtin-binned-SAH,uvt-depthsorted,256,144,8,separated-tensor-leaves,7,0.152575999
Grid,secondary-diffuse,pixel-ordered,builtin-binned-SAH,uvt-depthsorted,256,144,8,separated-tensor-leaves,8,0.152575999
Grid,secondary-diffuse,packet-shuffled,builtin-binned-SAH,uvt-depthsorted,256,144,8,integrated-cuda32,0,0.340992004
Grid,secondary-diffuse,packet-shuffled,builtin-binned-SAH,uvt-depthsorted,256,144,8,integrated-cuda32,1,0.352256
Grid,secondary-diffuse,packet-shuffled,builtin-binned-SAH,uvt-depthsorted,256,144,8,integrated-cuda32,2,0.348159999
Grid,secondary-diffuse,packet-shuffled,builtin-binned-SAH,uvt-depthsorted,256,144,8,integrated-cuda32,3,0.318464011
Grid,secondary-diffuse,packet-shuffled,builtin-binned-SAH,uvt-depthsorted,256,144,8,integrated-cuda32,4,0.354048014
Grid,secondary-diffuse,packet-shuffled,builtin-binned-SAH,uvt-depthsorted,256,144,8,integrated-cuda32,5,0.347135991
Grid,secondary-diffuse,packet-shuffled,builtin-binned-SAH,uvt-depthsorted,256,144,8,integrated-cuda32,6,0.322560012
Grid,secondary-diffuse,packet-shuffled,builtin-binned-SAH,uvt-depthsorted,256,144,8,integrated-cuda32,7,0.353184015
Grid,secondary-diffuse,packet-shuffled,builtin-binned-SAH,uvt-depthsorted,256,144,8,integrated-cuda32,8,0.349184006
Grid,secondary-diffuse,packet-shuffled,builtin-binned-SAH,uvt-depthsorted,256,144,8,integrated-matched,0,0.637823999
Grid,secondary-diffuse,packet-shuffled,builtin-binned-SAH,uvt-depthsorted,256,144,8,integrated-matched,1,0.656224012
Grid,secondary-diffuse,packet-shuffled,builtin-binned-SAH,uvt-depthsorted,256,144,8,integrated-matched,2,0.63795203
Grid,secondary-diffuse,packet-shuffled,builtin-binned-SAH,uvt-depthsorted,256,144,8,integrated-matched,3,0.638176024
Grid,secondary-diffuse,packet-shuffled,builtin-binned-SAH,uvt-depthsorted,256,144,8,integrated-matched,4,0.656383991
Grid,secondary-diffuse,packet-shuffled,builtin-binned-SAH,uvt-depthsorted,256,144,8,integrated-matched,5,0.638975978
Grid,secondary-diffuse,packet-shuffled,builtin-binned-SAH,uvt-depthsorted,256,144,8,integrated-matched,6,0.63795203
Grid,secondary-diffuse,packet-shuffled,builtin-binned-SAH,uvt-depthsorted,256,144,8,integrated-matched,7,0.656383991
Grid,secondary-diffuse,packet-shuffled,builtin-binned-SAH,uvt-depthsorted,256,144,8,integrated-matched,8,0.63795203
Grid,secondary-diffuse,packet-shuffled,builtin-binned-SAH,uvt-depthsorted,256,144,8,integrated-tensor,0,0.635904014
Grid,secondary-diffuse,packet-shuffled,builtin-binned-SAH,uvt-depthsorted,256,144,8,integrated-tensor,1,0.636928022
Grid,secondary-diffuse,packet-shuffled,builtin-binned-SAH,uvt-depthsorted,256,144,8,integrated-tensor,2,0.632831991
Grid,secondary-diffuse,packet-shuffled,builtin-binned-SAH,uvt-depthsorted,256,144,8,integrated-tensor,3,0.636767983
Grid,secondary-diffuse,packet-shuffled,builtin-binned-SAH,uvt-depthsorted,256,144,8,integrated-tensor,4,0.635904014
Grid,secondary-diffuse,packet-shuffled,builtin-binned-SAH,uvt-depthsorted,256,144,8,integrated-tensor,5,0.634751976
Grid,secondary-diffuse,packet-shuffled,builtin-binned-SAH,uvt-depthsorted,256,144,8,integrated-tensor,6,0.635648012
Grid,secondary-diffuse,packet-shuffled,builtin-binned-SAH,uvt-depthsorted,256,144,8,integrated-tensor,7,0.635904014
Grid,secondary-diffuse,packet-shuffled,builtin-binned-SAH,uvt-depthsorted,256,144,8,integrated-tensor,8,0.632831991
Grid,secondary-diffuse,packet-shuffled,builtin-binned-SAH,uvt-depthsorted,256,144,8,separated-traversal,0,0.647967994
Grid,secondary-diffuse,packet-shuffled,builtin-binned-SAH,uvt-depthsorted,256,144,8,separated-traversal,1,0.647167981
Grid,secondary-diffuse,packet-shuffled,builtin-binned-SAH,uvt-depthsorted,256,144,8,separated-traversal,2,0.648191988
Grid,secondary-diffuse,packet-shuffled,builtin-binned-SAH,uvt-depthsorted,256,144,8,separated-traversal,3,0.647167981
Grid,secondary-diffuse,packet-shuffled,builtin-binned-SAH,uvt-depthsorted,256,144,8,separated-traversal,4,0.647167981
Grid,secondary-diffuse,packet-shuffled,builtin-binned-SAH,uvt-depthsorted,256,144,8,separated-traversal,5,0.647167981
Grid,secondary-diffuse,packet-shuffled,builtin-binned-SAH,uvt-depthsorted,256,144,8,separated-traversal,6,0.648191988
Grid,secondary-diffuse,packet-shuffled,builtin-binned-SAH,uvt-depthsorted,256,144,8,separated-traversal,7,0.647264004
Grid,secondary-diffuse,packet-shuffled,builtin-binned-SAH,uvt-depthsorted,256,144,8,separated-traversal,8,0.647167981
Grid,secondary-diffuse,packet-shuffled,builtin-binned-SAH,uvt-depthsorted,256,144,8,separated-matched-leaves,0,0.199680001
Grid,secondary-diffuse,packet-shuffled,builtin-binned-SAH,uvt-depthsorted,256,144,8,separated-matched-leaves,1,0.192512006
Grid,secondary-diffuse,packet-shuffled,builtin-binned-SAH,uvt-depthsorted,256,144,8,separated-matched-leaves,2,0.192448005
Grid,secondary-diffuse,packet-shuffled,builtin-binned-SAH,uvt-depthsorted,256,144,8,separated-matched-leaves,3,0.192512006
Grid,secondary-diffuse,packet-shuffled,builtin-binned-SAH,uvt-depthsorted,256,144,8,separated-matched-leaves,4,0.191487998
Grid,secondary-diffuse,packet-shuffled,builtin-binned-SAH,uvt-depthsorted,256,144,8,separated-matched-leaves,5,0.191487998
Grid,secondary-diffuse,packet-shuffled,builtin-binned-SAH,uvt-depthsorted,256,144,8,separated-matched-leaves,6,0.192512006
Grid,secondary-diffuse,packet-shuffled,builtin-binned-SAH,uvt-depthsorted,256,144,8,separated-matched-leaves,7,0.192512006
Grid,secondary-diffuse,packet-shuffled,builtin-binned-SAH,uvt-depthsorted,256,144,8,separated-matched-leaves,8,0.192512006
Grid,secondary-diffuse,packet-shuffled,builtin-binned-SAH,uvt-depthsorted,256,144,8,separated-tensor-leaves,0,0.154624
Grid,secondary-diffuse,packet-shuffled,builtin-binned-SAH,uvt-depthsorted,256,144,8,separated-tensor-leaves,1,0.147456005
Grid,secondary-diffuse,packet-shuffled,builtin-binned-SAH,uvt-depthsorted,256,144,8,separated-tensor-leaves,2,0.147456005
Grid,secondary-diffuse,packet-shuffled,builtin-binned-SAH,uvt-depthsorted,256,144,8,separated-tensor-leaves,3,0.147456005
Grid,secondary-diffuse,packet-shuffled,builtin-binned-SAH,uvt-depthsorted,256,144,8,separated-tensor-leaves,4,0.147456005
Grid,secondary-diffuse,packet-shuffled,builtin-binned-SAH,uvt-depthsorted,256,144,8,separated-tensor-leaves,5,0.147456005
Grid,secondary-diffuse,packet-shuffled,builtin-binned-SAH,uvt-depthsorted,256,144,8,separated-tensor-leaves,6,0.147456005
Grid,secondary-diffuse,packet-shuffled,builtin-binned-SAH,uvt-depthsorted,256,144,8,separated-tensor-leaves,7,0.146431997
Grid,secondary-diffuse,packet-shuffled,builtin-binned-SAH,uvt-depthsorted,256,144,8,separated-tensor-leaves,8,0.146431997
Grid,secondary-diffuse,pixel-ordered,builtin-binned-SAH,uvt-depthsorted,256,144,16,integrated-cuda32,0,0.385024011
Grid,secondary-diffuse,pixel-ordered,builtin-binned-SAH,uvt-depthsorted,256,144,16,integrated-cuda32,1,0.400352001
Grid,secondary-diffuse,pixel-ordered,builtin-binned-SAH,uvt-depthsorted,256,144,16,integrated-cuda32,2,0.402431995
Grid,secondary-diffuse,pixel-ordered,builtin-binned-SAH,uvt-depthsorted,256,144,16,integrated-cuda32,3,0.347135991
Grid,secondary-diffuse,pixel-ordered,builtin-binned-SAH,uvt-depthsorted,256,144,16,integrated-cuda32,4,0.404255986
Grid,secondary-diffuse,pixel-ordered,builtin-binned-SAH,uvt-depthsorted,256,144,16,integrated-cuda32,5,0.396288007
Grid,secondary-diffuse,pixel-ordered,builtin-binned-SAH,uvt-depthsorted,256,144,16,integrated-cuda32,6,0.347135991
Grid,secondary-diffuse,pixel-ordered,builtin-binned-SAH,uvt-depthsorted,256,144,16,integrated-cuda32,7,0.400384009
Grid,secondary-diffuse,pixel-ordered,builtin-binned-SAH,uvt-depthsorted,256,144,16,integrated-cuda32,8,0.403295994
Grid,secondary-diffuse,pixel-ordered,builtin-binned-SAH,uvt-depthsorted,256,144,16,integrated-matched,0,0.54144001
Grid,secondary-diffuse,pixel-ordered,builtin-binned-SAH,uvt-depthsorted,256,144,16,integrated-matched,1,0.567391992
Grid,secondary-diffuse,pixel-ordered,builtin-binned-SAH,uvt-depthsorted,256,144,16,integrated-matched,2,0.539647996
Grid,secondary-diffuse,pixel-ordered,builtin-binned-SAH,uvt-depthsorted,256,144,16,integrated-matched,3,0.540672004
Grid,secondary-diffuse,pixel-ordered,builtin-binned-SAH,uvt-depthsorted,256,144,16,integrated-matched,4,0.567296028
Grid,secondary-diffuse,pixel-ordered,builtin-binned-SAH,uvt-depthsorted,256,144,16,integrated-matched,5,0.54044801
Grid,secondary-diffuse,pixel-ordered,builtin-binned-SAH,uvt-depthsorted,256,144,16,integrated-matched,6,0.539647996
Grid,secondary-diffuse,pixel-ordered,builtin-binned-SAH,uvt-depthsorted,256,144,16,integrated-matched,7,0.567296028
Grid,secondary-diffuse,pixel-ordered,builtin-binned-SAH,uvt-depthsorted,256,144,16,integrated-matched,8,0.54044801
Grid,secondary-diffuse,pixel-ordered,builtin-binned-SAH,uvt-depthsorted,256,144,16,integrated-tensor,0,0.508063972
Grid,secondary-diffuse,pixel-ordered,builtin-binned-SAH,uvt-depthsorted,256,144,16,integrated-tensor,1,0.505728006
Grid,secondary-diffuse,pixel-ordered,builtin-binned-SAH,uvt-depthsorted,256,144,16,integrated-tensor,2,0.505855978
Grid,secondary-diffuse,pixel-ordered,builtin-binned-SAH,uvt-depthsorted,256,144,16,integrated-tensor,3,0.505855978
Grid,secondary-diffuse,pixel-ordered,builtin-binned-SAH,uvt-depthsorted,256,144,16,integrated-tensor,4,0.505855978
Grid,secondary-diffuse,pixel-ordered,builtin-binned-SAH,uvt-depthsorted,256,144,16,integrated-tensor,5,0.505855978
Grid,secondary-diffuse,pixel-ordered,builtin-binned-SAH,uvt-depthsorted,256,144,16,integrated-tensor,6,0.506879985
Grid,secondary-diffuse,pixel-ordered,builtin-binned-SAH,uvt-depthsorted,256,144,16,integrated-tensor,7,0.509952009
Grid,secondary-diffuse,pixel-ordered,builtin-binned-SAH,uvt-depthsorted,256,144,16,integrated-tensor,8,0.509952009
Grid,secondary-diffuse,pixel-ordered,builtin-binned-SAH,uvt-depthsorted,256,144,16,separated-traversal,0,0.444160014
Grid,secondary-diffuse,pixel-ordered,builtin-binned-SAH,uvt-depthsorted,256,144,16,separated-traversal,1,0.443392009
Grid,secondary-diffuse,pixel-ordered,builtin-binned-SAH,uvt-depthsorted,256,144,16,separated-traversal,2,0.443327993
Grid,secondary-diffuse,pixel-ordered,builtin-binned-SAH,uvt-depthsorted,256,144,16,separated-traversal,3,0.443392009
Grid,secondary-diffuse,pixel-ordered,builtin-binned-SAH,uvt-depthsorted,256,144,16,separated-traversal,4,0.443616003
Grid,secondary-diffuse,pixel-ordered,builtin-binned-SAH,uvt-depthsorted,256,144,16,separated-traversal,5,0.443392009
Grid,secondary-diffuse,pixel-ordered,builtin-binned-SAH,uvt-depthsorted,256,144,16,separated-traversal,6,0.443199992
Grid,secondary-diffuse,pixel-ordered,builtin-binned-SAH,uvt-depthsorted,256,144,16,separated-traversal,7,0.444224
Grid,secondary-diffuse,pixel-ordered,builtin-binned-SAH,uvt-depthsorted,256,144,16,separated-traversal,8,0.444191992
Grid,secondary-diffuse,pixel-ordered,builtin-binned-SAH,uvt-depthsorted,256,144,16,separated-matched-leaves,0,0.274304003
Grid,secondary-diffuse,pixel-ordered,builtin-binned-SAH,uvt-depthsorted,256,144,16,separated-matched-leaves,1,0.27136001
Grid,secondary-diffuse,pixel-ordered,builtin-binned-SAH,uvt-depthsorted,256,144,16,separated-matched-leaves,2,0.27136001
Grid,secondary-diffuse,pixel-ordered,builtin-binned-SAH,uvt-depthsorted,256,144,16,separated-matched-leaves,3,0.27136001
Grid,secondary-diffuse,pixel-ordered,builtin-binned-SAH,uvt-depthsorted,256,144,16,separated-matched-leaves,4,0.27136001
Grid,secondary-diffuse,pixel-ordered,builtin-binned-SAH,uvt-depthsorted,256,144,16,separated-matched-leaves,5,0.272127986
Grid,secondary-diffuse,pixel-ordered,builtin-binned-SAH,uvt-depthsorted,256,144,16,separated-matched-leaves,6,0.27136001
Grid,secondary-diffuse,pixel-ordered,builtin-binned-SAH,uvt-depthsorted,256,144,16,separated-matched-leaves,7,0.27136001
Grid,secondary-diffuse,pixel-ordered,builtin-binned-SAH,uvt-depthsorted,256,144,16,separated-matched-leaves,8,0.27136001
Grid,secondary-diffuse,pixel-ordered,builtin-binned-SAH,uvt-depthsorted,256,144,16,separated-tensor-leaves,0,0.226144001
Grid,secondary-diffuse,pixel-ordered,builtin-binned-SAH,uvt-depthsorted,256,144,16,separated-tensor-leaves,1,0.210656002
Grid,secondary-diffuse,pixel-ordered,builtin-binned-SAH,uvt-depthsorted,256,144,16,separated-tensor-leaves,2,0.210943997
Grid,secondary-diffuse,pixel-ordered,builtin-binned-SAH,uvt-depthsorted,256,144,16,separated-tensor-leaves,3,0.210943997
Grid,secondary-diffuse,pixel-ordered,builtin-binned-SAH,uvt-depthsorted,256,144,16,separated-tensor-leaves,4,0.210943997
Grid,secondary-diffuse,pixel-ordered,builtin-binned-SAH,uvt-depthsorted,256,144,16,separated-tensor-leaves,5,0.210751995
Grid,secondary-diffuse,pixel-ordered,builtin-binned-SAH,uvt-depthsorted,256,144,16,separated-tensor-leaves,6,0.210943997
Grid,secondary-diffuse,pixel-ordered,builtin-binned-SAH,uvt-depthsorted,256,144,16,separated-tensor-leaves,7,0.210943997
Grid,secondary-diffuse,pixel-ordered,builtin-binned-SAH,uvt-depthsorted,256,144,16,separated-tensor-leaves,8,0.210912004
Grid,secondary-diffuse,packet-shuffled,builtin-binned-SAH,uvt-depthsorted,256,144,16,integrated-cuda32,0,0.401472002
Grid,secondary-diffuse,packet-shuffled,builtin-binned-SAH,uvt-depthsorted,256,144,16,integrated-cuda32,1,0.406527996
Grid,secondary-diffuse,packet-shuffled,builtin-binned-SAH,uvt-depthsorted,256,144,16,integrated-cuda32,2,0.402431995
Grid,secondary-diffuse,packet-shuffled,builtin-binned-SAH,uvt-depthsorted,256,144,16,integrated-cuda32,3,0.373760015
Grid,secondary-diffuse,packet-shuffled,builtin-binned-SAH,uvt-depthsorted,256,144,16,integrated-cuda32,4,0.406527996
Grid,secondary-diffuse,packet-shuffled,builtin-binned-SAH,uvt-depthsorted,256,144,16,integrated-cuda32,5,0.403456002
Grid,secondary-diffuse,packet-shuffled,builtin-binned-SAH,uvt-depthsorted,256,144,16,integrated-cuda32,6,0.376576006
Grid,secondary-diffuse,packet-shuffled,builtin-binned-SAH,uvt-depthsorted,256,144,16,integrated-cuda32,7,0.408576012
Grid,secondary-diffuse,packet-shuffled,builtin-binned-SAH,uvt-depthsorted,256,144,16,integrated-cuda32,8,0.403456002
Grid,secondary-diffuse,packet-shuffled,builtin-binned-SAH,uvt-depthsorted,256,144,16,integrated-matched,0,0.619488001
Grid,secondary-diffuse,packet-shuffled,builtin-binned-SAH,uvt-depthsorted,256,144,16,integrated-matched,1,0.650143981
Grid,secondary-diffuse,packet-shuffled,builtin-binned-SAH,uvt-depthsorted,256,144,16,integrated-matched,2,0.617471993
Grid,secondary-diffuse,packet-shuffled,builtin-binned-SAH,uvt-depthsorted,256,144,16,integrated-matched,3,0.617312014
Grid,secondary-diffuse,packet-shuffled,builtin-binned-SAH,uvt-depthsorted,256,144,16,integrated-matched,4,0.650240004
Grid,secondary-diffuse,packet-shuffled,builtin-binned-SAH,uvt-depthsorted,256,144,16,integrated-matched,5,0.616447985
Grid,secondary-diffuse,packet-shuffled,builtin-binned-SAH,uvt-depthsorted,256,144,16,integrated-matched,6,0.616223991
Grid,secondary-diffuse,packet-shuffled,builtin-binned-SAH,uvt-depthsorted,256,144,16,integrated-matched,7,0.65228802
Grid,secondary-diffuse,packet-shuffled,builtin-binned-SAH,uvt-depthsorted,256,144,16,integrated-matched,8,0.617439985
Grid,secondary-diffuse,packet-shuffled,builtin-binned-SAH,uvt-depthsorted,256,144,16,integrated-tensor,0,0.592000008
Grid,secondary-diffuse,packet-shuffled,builtin-binned-SAH,uvt-depthsorted,256,144,16,integrated-tensor,1,0.592895985
Grid,secondary-diffuse,packet-shuffled,builtin-binned-SAH,uvt-depthsorted,256,144,16,integrated-tensor,2,0.591711998
Grid,secondary-diffuse,packet-shuffled,builtin-binned-SAH,uvt-depthsorted,256,144,16,integrated-tensor,3,0.590848029
Grid,secondary-diffuse,packet-shuffled,builtin-binned-SAH,uvt-depthsorted,256,144,16,integrated-tensor,4,0.590816021
Grid,secondary-diffuse,packet-shuffled,builtin-binned-SAH,uvt-depthsorted,256,144,16,integrated-tensor,5,0.590848029
Grid,secondary-diffuse,packet-shuffled,builtin-binned-SAH,uvt-depthsorted,256,144,16,integrated-tensor,6,0.591871977
Grid,secondary-diffuse,packet-shuffled,builtin-binned-SAH,uvt-depthsorted,256,144,16,integrated-tensor,7,0.591871977
Grid,secondary-diffuse,packet-shuffled,builtin-binned-SAH,uvt-depthsorted,256,144,16,integrated-tensor,8,0.590848029
Grid,secondary-diffuse,packet-shuffled,builtin-binned-SAH,uvt-depthsorted,256,144,16,separated-traversal,0,0.518144011
Grid,secondary-diffuse,packet-shuffled,builtin-binned-SAH,uvt-depthsorted,256,144,16,separated-traversal,1,0.517120004
Grid,secondary-diffuse,packet-shuffled,builtin-binned-SAH,uvt-depthsorted,256,144,16,separated-traversal,2,0.51788801
Grid,secondary-diffuse,packet-shuffled,builtin-binned-SAH,uvt-depthsorted,256,144,16,separated-traversal,3,0.517120004
Grid,secondary-diffuse,packet-shuffled,builtin-binned-SAH,uvt-depthsorted,256,144,16,separated-traversal,4,0.518144011
Grid,secondary-diffuse,packet-shuffled,builtin-binned-SAH,uvt-depthsorted,256,144,16,separated-traversal,5,0.517952025
Grid,secondary-diffuse,packet-shuffled,builtin-binned-SAH,uvt-depthsorted,256,144,16,separated-traversal,6,0.518144011
Grid,secondary-diffuse,packet-shuffled,builtin-binned-SAH,uvt-depthsorted,256,144,16,separated-traversal,7,0.517120004
Grid,secondary-diffuse,packet-shuffled,builtin-binned-SAH,uvt-depthsorted,256,144,16,separated-traversal,8,0.517120004
Grid,secondary-diffuse,packet-shuffled,builtin-binned-SAH,uvt-depthsorted,256,144,16,separated-matched-leaves,0,0.313344002
Grid,secondary-diffuse,packet-shuffled,builtin-binned-SAH,uvt-depthsorted,256,144,16,separated-matched-leaves,1,0.306944013
Grid,secondary-diffuse,packet-shuffled,builtin-binned-SAH,uvt-depthsorted,256,144,16,separated-matched-leaves,2,0.306176007
Grid,secondary-diffuse,packet-shuffled,builtin-binned-SAH,uvt-depthsorted,256,144,16,separated-matched-leaves,3,0.306111991
Grid,secondary-diffuse,packet-shuffled,builtin-binned-SAH,uvt-depthsorted,256,144,16,separated-matched-leaves,4,0.305151999
Grid,secondary-diffuse,packet-shuffled,builtin-binned-SAH,uvt-depthsorted,256,144,16,separated-matched-leaves,5,0.306176007
Grid,secondary-diffuse,packet-shuffled,builtin-binned-SAH,uvt-depthsorted,256,144,16,separated-matched-leaves,6,0.305151999
Grid,secondary-diffuse,packet-shuffled,builtin-binned-SAH,uvt-depthsorted,256,144,16,separated-matched-leaves,7,0.305151999
Grid,secondary-diffuse,packet-shuffled,builtin-binned-SAH,uvt-depthsorted,256,144,16,separated-matched-leaves,8,0.306176007
Grid,secondary-diffuse,packet-shuffled,builtin-binned-SAH,uvt-depthsorted,256,144,16,separated-tensor-leaves,0,0.244736001
Grid,secondary-diffuse,packet-shuffled,builtin-binned-SAH,uvt-depthsorted,256,144,16,separated-tensor-leaves,1,0.234464005
Grid,secondary-diffuse,packet-shuffled,builtin-binned-SAH,uvt-depthsorted,256,144,16,separated-tensor-leaves,2,0.234336004
Grid,secondary-diffuse,packet-shuffled,builtin-binned-SAH,uvt-depthsorted,256,144,16,separated-tensor-leaves,3,0.233472005
Grid,secondary-diffuse,packet-shuffled,builtin-binned-SAH,uvt-depthsorted,256,144,16,separated-tensor-leaves,4,0.234495997
Grid,secondary-diffuse,packet-shuffled,builtin-binned-SAH,uvt-depthsorted,256,144,16,separated-tensor-leaves,5,0.234495997
Grid,secondary-diffuse,packet-shuffled,builtin-binned-SAH,uvt-depthsorted,256,144,16,separated-tensor-leaves,6,0.233631998
Grid,secondary-diffuse,packet-shuffled,builtin-binned-SAH,uvt-depthsorted,256,144,16,separated-tensor-leaves,7,0.234431997
Grid,secondary-diffuse,packet-shuffled,builtin-binned-SAH,uvt-depthsorted,256,144,16,separated-tensor-leaves,8,0.234495997
Grid,secondary-diffuse,pixel-ordered,builtin-binned-SAH,uvt-depthsorted,256,144,32,integrated-cuda32,0,0.499648005
Grid,secondary-diffuse,pixel-ordered,builtin-binned-SAH,uvt-depthsorted,256,144,32,integrated-cuda32,1,0.499871999
Grid,secondary-diffuse,pixel-ordered,builtin-binned-SAH,uvt-depthsorted,256,144,32,integrated-cuda32,2,0.502784014
Grid,secondary-diffuse,pixel-ordered,builtin-binned-SAH,uvt-depthsorted,256,144,32,integrated-cuda32,3,0.453631997
Grid,secondary-diffuse,pixel-ordered,builtin-binned-SAH,uvt-depthsorted,256,144,32,integrated-cuda32,4,0.500735998
Grid,secondary-diffuse,pixel-ordered,builtin-binned-SAH,uvt-depthsorted,256,144,32,integrated-cuda32,5,0.503679991
Grid,secondary-diffuse,pixel-ordered,builtin-binned-SAH,uvt-depthsorted,256,144,32,integrated-cuda32,6,0.454656005
Grid,secondary-diffuse,pixel-ordered,builtin-binned-SAH,uvt-depthsorted,256,144,32,integrated-cuda32,7,0.498688012
Grid,secondary-diffuse,pixel-ordered,builtin-binned-SAH,uvt-depthsorted,256,144,32,integrated-cuda32,8,0.503808022
Grid,secondary-diffuse,pixel-ordered,builtin-binned-SAH,uvt-depthsorted,256,144,32,integrated-matched,0,0.598944008
Grid,secondary-diffuse,pixel-ordered,builtin-binned-SAH,uvt-depthsorted,256,144,32,integrated-matched,1,0.669664025
Grid,secondary-diffuse,pixel-ordered,builtin-binned-SAH,uvt-depthsorted,256,144,32,integrated-matched,2,0.599039972
Grid,secondary-diffuse,pixel-ordered,builtin-binned-SAH,uvt-depthsorted,256,144,32,integrated-matched,3,0.599039972
Grid,secondary-diffuse,pixel-ordered,builtin-binned-SAH,uvt-depthsorted,256,144,32,integrated-matched,4,0.668672025
Grid,secondary-diffuse,pixel-ordered,builtin-binned-SAH,uvt-depthsorted,256,144,32,integrated-matched,5,0.60006398
Grid,secondary-diffuse,pixel-ordered,builtin-binned-SAH,uvt-depthsorted,256,144,32,integrated-matched,6,0.596992016
Grid,secondary-diffuse,pixel-ordered,builtin-binned-SAH,uvt-depthsorted,256,144,32,integrated-matched,7,0.672735989
Grid,secondary-diffuse,pixel-ordered,builtin-binned-SAH,uvt-depthsorted,256,144,32,integrated-matched,8,0.597887993
Grid,secondary-diffuse,pixel-ordered,builtin-binned-SAH,uvt-depthsorted,256,144,32,integrated-tensor,0,0.545791984
Grid,secondary-diffuse,pixel-ordered,builtin-binned-SAH,uvt-depthsorted,256,144,32,integrated-tensor,1,0.546815991
Grid,secondary-diffuse,pixel-ordered,builtin-binned-SAH,uvt-depthsorted,256,144,32,integrated-tensor,2,0.545567989
Grid,secondary-diffuse,pixel-ordered,builtin-binned-SAH,uvt-depthsorted,256,144,32,integrated-tensor,3,0.546815991
Grid,secondary-diffuse,pixel-ordered,builtin-binned-SAH,uvt-depthsorted,256,144,32,integrated-tensor,4,0.547648013
Grid,secondary-diffuse,pixel-ordered,builtin-binned-SAH,uvt-depthsorted,256,144,32,integrated-tensor,5,0.547839999
Grid,secondary-diffuse,pixel-ordered,builtin-binned-SAH,uvt-depthsorted,256,144,32,integrated-tensor,6,0.546815991
Grid,secondary-diffuse,pixel-ordered,builtin-binned-SAH,uvt-depthsorted,256,144,32,integrated-tensor,7,0.544767976
Grid,secondary-diffuse,pixel-ordered,builtin-binned-SAH,uvt-depthsorted,256,144,32,integrated-tensor,8,0.546815991
Grid,secondary-diffuse,pixel-ordered,builtin-binned-SAH,uvt-depthsorted,256,144,32,separated-traversal,0,0.378879994
Grid,secondary-diffuse,pixel-ordered,builtin-binned-SAH,uvt-depthsorted,256,144,32,separated-traversal,1,0.377855986
Grid,secondary-diffuse,pixel-ordered,builtin-binned-SAH,uvt-depthsorted,256,144,32,separated-traversal,2,0.378879994
Grid,secondary-diffuse,pixel-ordered,builtin-binned-SAH,uvt-depthsorted,256,144,32,separated-traversal,3,0.378879994
Grid,secondary-diffuse,pixel-ordered,builtin-binned-SAH,uvt-depthsorted,256,144,32,separated-traversal,4,0.378879994
Grid,secondary-diffuse,pixel-ordered,builtin-binned-SAH,uvt-depthsorted,256,144,32,separated-traversal,5,0.378623992
Grid,secondary-diffuse,pixel-ordered,builtin-binned-SAH,uvt-depthsorted,256,144,32,separated-traversal,6,0.378879994
Grid,secondary-diffuse,pixel-ordered,builtin-binned-SAH,uvt-depthsorted,256,144,32,separated-traversal,7,0.378879994
Grid,secondary-diffuse,pixel-ordered,builtin-binned-SAH,uvt-depthsorted,256,144,32,separated-traversal,8,0.378879994
Grid,secondary-diffuse,pixel-ordered,builtin-binned-SAH,uvt-depthsorted,256,144,32,separated-matched-leaves,0,0.393216014
Grid,secondary-diffuse,pixel-ordered,builtin-binned-SAH,uvt-depthsorted,256,144,32,separated-matched-leaves,1,0.392192006
Grid,secondary-diffuse,pixel-ordered,builtin-binned-SAH,uvt-depthsorted,256,144,32,separated-matched-leaves,2,0.392064005
Grid,secondary-diffuse,pixel-ordered,builtin-binned-SAH,uvt-depthsorted,256,144,32,separated-matched-leaves,3,0.392192006
Grid,secondary-diffuse,pixel-ordered,builtin-binned-SAH,uvt-depthsorted,256,144,32,separated-matched-leaves,4,0.391167998
Grid,secondary-diffuse,pixel-ordered,builtin-binned-SAH,uvt-depthsorted,256,144,32,separated-matched-leaves,5,0.391968012
Grid,secondary-diffuse,pixel-ordered,builtin-binned-SAH,uvt-depthsorted,256,144,32,separated-matched-leaves,6,0.392064005
Grid,secondary-diffuse,pixel-ordered,builtin-binned-SAH,uvt-depthsorted,256,144,32,separated-matched-leaves,7,0.392192006
Grid,secondary-diffuse,pixel-ordered,builtin-binned-SAH,uvt-depthsorted,256,144,32,separated-matched-leaves,8,0.391167998
Grid,secondary-diffuse,pixel-ordered,builtin-binned-SAH,uvt-depthsorted,256,144,32,separated-tensor-leaves,0,0.312159985
Grid,secondary-diffuse,pixel-ordered,builtin-binned-SAH,uvt-depthsorted,256,144,32,separated-tensor-leaves,1,0.298240006
Grid,secondary-diffuse,pixel-ordered,builtin-binned-SAH,uvt-depthsorted,256,144,32,separated-tensor-leaves,2,0.299008012
Grid,secondary-diffuse,pixel-ordered,builtin-binned-SAH,uvt-depthsorted,256,144,32,separated-tensor-leaves,3,0.297984004
Grid,secondary-diffuse,pixel-ordered,builtin-binned-SAH,uvt-depthsorted,256,144,32,separated-tensor-leaves,4,0.298976004
Grid,secondary-diffuse,pixel-ordered,builtin-binned-SAH,uvt-depthsorted,256,144,32,separated-tensor-leaves,5,0.298815995
Grid,secondary-diffuse,pixel-ordered,builtin-binned-SAH,uvt-depthsorted,256,144,32,separated-tensor-leaves,6,0.298911989
Grid,secondary-diffuse,pixel-ordered,builtin-binned-SAH,uvt-depthsorted,256,144,32,separated-tensor-leaves,7,0.297984004
Grid,secondary-diffuse,pixel-ordered,builtin-binned-SAH,uvt-depthsorted,256,144,32,separated-tensor-leaves,8,0.297984004
Grid,secondary-diffuse,packet-shuffled,builtin-binned-SAH,uvt-depthsorted,256,144,32,integrated-cuda32,0,0.496639997
Grid,secondary-diffuse,packet-shuffled,builtin-binned-SAH,uvt-depthsorted,256,144,32,integrated-cuda32,1,0.501760006
Grid,secondary-diffuse,packet-shuffled,builtin-binned-SAH,uvt-depthsorted,256,144,32,integrated-cuda32,2,0.497664005
Grid,secondary-diffuse,packet-shuffled,builtin-binned-SAH,uvt-depthsorted,256,144,32,integrated-cuda32,3,0.461824
Grid,secondary-diffuse,packet-shuffled,builtin-binned-SAH,uvt-depthsorted,256,144,32,integrated-cuda32,4,0.501760006
Grid,secondary-diffuse,packet-shuffled,builtin-binned-SAH,uvt-depthsorted,256,144,32,integrated-cuda32,5,0.498688012
Grid,secondary-diffuse,packet-shuffled,builtin-binned-SAH,uvt-depthsorted,256,144,32,integrated-cuda32,6,0.461824
Grid,secondary-diffuse,packet-shuffled,builtin-binned-SAH,uvt-depthsorted,256,144,32,integrated-cuda32,7,0.502784014
Grid,secondary-diffuse,packet-shuffled,builtin-binned-SAH,uvt-depthsorted,256,144,32,integrated-cuda32,8,0.496639997
Grid,secondary-diffuse,packet-shuffled,builtin-binned-SAH,uvt-depthsorted,256,144,32,integrated-matched,0,0.729088008
Grid,secondary-diffuse,packet-shuffled,builtin-binned-SAH,uvt-depthsorted,256,144,32,integrated-matched,1,0.779263973
Grid,secondary-diffuse,packet-shuffled,builtin-binned-SAH,uvt-depthsorted,256,144,32,integrated-matched,2,0.728991985
Grid,secondary-diffuse,packet-shuffled,builtin-binned-SAH,uvt-depthsorted,256,144,32,integrated-matched,3,0.730015993
Grid,secondary-diffuse,packet-shuffled,builtin-binned-SAH,uvt-depthsorted,256,144,32,integrated-matched,4,0.780128002
Grid,secondary-diffuse,packet-shuffled,builtin-binned-SAH,uvt-depthsorted,256,144,32,integrated-matched,5,0.728959978
Grid,secondary-diffuse,packet-shuffled,builtin-binned-SAH,uvt-depthsorted,256,144,32,integrated-matched,6,0.729088008
Grid,secondary-diffuse,packet-shuffled,builtin-binned-SAH,uvt-depthsorted,256,144,32,integrated-matched,7,0.778240025
Grid,secondary-diffuse,packet-shuffled,builtin-binned-SAH,uvt-depthsorted,256,144,32,integrated-matched,8,0.729088008
Grid,secondary-diffuse,packet-shuffled,builtin-binned-SAH,uvt-depthsorted,256,144,32,integrated-tensor,0,0.664575994
Grid,secondary-diffuse,packet-shuffled,builtin-binned-SAH,uvt-depthsorted,256,144,32,integrated-tensor,1,0.660480022
Grid,secondary-diffuse,packet-shuffled,builtin-binned-SAH,uvt-depthsorted,256,144,32,integrated-tensor,2,0.658432007
Grid,secondary-diffuse,packet-shuffled,builtin-binned-SAH,uvt-depthsorted,256,144,32,integrated-tensor,3,0.661503971
Grid,secondary-diffuse,packet-shuffled,builtin-binned-SAH,uvt-depthsorted,256,144,32,integrated-tensor,4,0.660480022
Grid,secondary-diffuse,packet-shuffled,builtin-binned-SAH,uvt-depthsorted,256,144,32,integrated-tensor,5,0.661503971
Grid,secondary-diffuse,packet-shuffled,builtin-binned-SAH,uvt-depthsorted,256,144,32,integrated-tensor,6,0.660480022
Grid,secondary-diffuse,packet-shuffled,builtin-binned-SAH,uvt-depthsorted,256,144,32,integrated-tensor,7,0.664384007
Grid,secondary-diffuse,packet-shuffled,builtin-binned-SAH,uvt-depthsorted,256,144,32,integrated-tensor,8,0.662527978
Grid,secondary-diffuse,packet-shuffled,builtin-binned-SAH,uvt-depthsorted,256,144,32,separated-traversal,0,0.443392009
Grid,secondary-diffuse,packet-shuffled,builtin-binned-SAH,uvt-depthsorted,256,144,32,separated-traversal,1,0.444191992
Grid,secondary-diffuse,packet-shuffled,builtin-binned-SAH,uvt-depthsorted,256,144,32,separated-traversal,2,0.444191992
Grid,secondary-diffuse,packet-shuffled,builtin-binned-SAH,uvt-depthsorted,256,144,32,separated-traversal,3,0.443392009
Grid,secondary-diffuse,packet-shuffled,builtin-binned-SAH,uvt-depthsorted,256,144,32,separated-traversal,4,0.443392009
Grid,secondary-diffuse,packet-shuffled,builtin-binned-SAH,uvt-depthsorted,256,144,32,separated-traversal,5,0.444415987
Grid,secondary-diffuse,packet-shuffled,builtin-binned-SAH,uvt-depthsorted,256,144,32,separated-traversal,6,0.444415987
Grid,secondary-diffuse,packet-shuffled,builtin-binned-SAH,uvt-depthsorted,256,144,32,separated-traversal,7,0.444415987
Grid,secondary-diffuse,packet-shuffled,builtin-binned-SAH,uvt-depthsorted,256,144,32,separated-traversal,8,0.444415987
Grid,secondary-diffuse,packet-shuffled,builtin-binned-SAH,uvt-depthsorted,256,144,32,separated-matched-leaves,0,0.517120004
Grid,secondary-diffuse,packet-shuffled,builtin-binned-SAH,uvt-depthsorted,256,144,32,separated-matched-leaves,1,0.516063988
Grid,secondary-diffuse,packet-shuffled,builtin-binned-SAH,uvt-depthsorted,256,144,32,separated-matched-leaves,2,0.515071988
Grid,secondary-diffuse,packet-shuffled,builtin-binned-SAH,uvt-depthsorted,256,144,32,separated-matched-leaves,3,0.515071988
Grid,secondary-diffuse,packet-shuffled,builtin-binned-SAH,uvt-depthsorted,256,144,32,separated-matched-leaves,4,0.51404798
Grid,secondary-diffuse,packet-shuffled,builtin-binned-SAH,uvt-depthsorted,256,144,32,separated-matched-leaves,5,0.516095996
Grid,secondary-diffuse,packet-shuffled,builtin-binned-SAH,uvt-depthsorted,256,144,32,separated-matched-leaves,6,0.514847994
Grid,secondary-diffuse,packet-shuffled,builtin-binned-SAH,uvt-depthsorted,256,144,32,separated-matched-leaves,7,0.515071988
Grid,secondary-diffuse,packet-shuffled,builtin-binned-SAH,uvt-depthsorted,256,144,32,separated-matched-leaves,8,0.516095996
Grid,secondary-diffuse,packet-shuffled,builtin-binned-SAH,uvt-depthsorted,256,144,32,separated-tensor-leaves,0,0.401407987
Grid,secondary-diffuse,packet-shuffled,builtin-binned-SAH,uvt-depthsorted,256,144,32,separated-tensor-leaves,1,0.395168006
Grid,secondary-diffuse,packet-shuffled,builtin-binned-SAH,uvt-depthsorted,256,144,32,separated-tensor-leaves,2,0.395264
Grid,secondary-diffuse,packet-shuffled,builtin-binned-SAH,uvt-depthsorted,256,144,32,separated-tensor-leaves,3,0.395264
Grid,secondary-diffuse,packet-shuffled,builtin-binned-SAH,uvt-depthsorted,256,144,32,separated-tensor-leaves,4,0.396288007
Grid,secondary-diffuse,packet-shuffled,builtin-binned-SAH,uvt-depthsorted,256,144,32,separated-tensor-leaves,5,0.395264
Grid,secondary-diffuse,packet-shuffled,builtin-binned-SAH,uvt-depthsorted,256,144,32,separated-tensor-leaves,6,0.396064013
Grid,secondary-diffuse,packet-shuffled,builtin-binned-SAH,uvt-depthsorted,256,144,32,separated-tensor-leaves,7,0.396127999
Grid,secondary-diffuse,packet-shuffled,builtin-binned-SAH,uvt-depthsorted,256,144,32,separated-tensor-leaves,8,0.396288007
Grid,secondary-diffuse,pixel-ordered,builtin-binned-SAH,uvt-depthsorted,256,144,64,integrated-cuda32,0,0.833536029
Grid,secondary-diffuse,pixel-ordered,builtin-binned-SAH,uvt-depthsorted,256,144,64,integrated-cuda32,1,0.871424019
Grid,secondary-diffuse,pixel-ordered,builtin-binned-SAH,uvt-depthsorted,256,144,64,integrated-cuda32,2,0.863232017
Grid,secondary-diffuse,pixel-ordered,builtin-binned-SAH,uvt-depthsorted,256,144,64,integrated-cuda32,3,0.759808004
Grid,secondary-diffuse,pixel-ordered,builtin-binned-SAH,uvt-depthsorted,256,144,64,integrated-cuda32,4,0.867327988
Grid,secondary-diffuse,pixel-ordered,builtin-binned-SAH,uvt-depthsorted,256,144,64,integrated-cuda32,5,0.863232017
Grid,secondary-diffuse,pixel-ordered,builtin-binned-SAH,uvt-depthsorted,256,144,64,integrated-cuda32,6,0.757759988
Grid,secondary-diffuse,pixel-ordered,builtin-binned-SAH,uvt-depthsorted,256,144,64,integrated-cuda32,7,0.870400012
Grid,secondary-diffuse,pixel-ordered,builtin-binned-SAH,uvt-depthsorted,256,144,64,integrated-cuda32,8,0.863232017
Grid,secondary-diffuse,pixel-ordered,builtin-binned-SAH,uvt-depthsorted,256,144,64,integrated-matched,0,0.78540802
Grid,secondary-diffuse,pixel-ordered,builtin-binned-SAH,uvt-depthsorted,256,144,64,integrated-matched,1,0.879616022
Grid,secondary-diffuse,pixel-ordered,builtin-binned-SAH,uvt-depthsorted,256,144,64,integrated-matched,2,0.787455976
Grid,secondary-diffuse,pixel-ordered,builtin-binned-SAH,uvt-depthsorted,256,144,64,integrated-matched,3,0.786432028
Grid,secondary-diffuse,pixel-ordered,builtin-binned-SAH,uvt-depthsorted,256,144,64,integrated-matched,4,0.88063997
Grid,secondary-diffuse,pixel-ordered,builtin-binned-SAH,uvt-depthsorted,256,144,64,integrated-matched,5,0.786432028
Grid,secondary-diffuse,pixel-ordered,builtin-binned-SAH,uvt-depthsorted,256,144,64,integrated-matched,6,0.78540802
Grid,secondary-diffuse,pixel-ordered,builtin-binned-SAH,uvt-depthsorted,256,144,64,integrated-matched,7,0.881663978
Grid,secondary-diffuse,pixel-ordered,builtin-binned-SAH,uvt-depthsorted,256,144,64,integrated-matched,8,0.78540802
Grid,secondary-diffuse,pixel-ordered,builtin-binned-SAH,uvt-depthsorted,256,144,64,integrated-tensor,0,0.659488022
Grid,secondary-diffuse,pixel-ordered,builtin-binned-SAH,uvt-depthsorted,256,144,64,integrated-tensor,1,0.661343992
Grid,secondary-diffuse,pixel-ordered,builtin-binned-SAH,uvt-depthsorted,256,144,64,integrated-tensor,2,0.656383991
Grid,secondary-diffuse,pixel-ordered,builtin-binned-SAH,uvt-depthsorted,256,144,64,integrated-tensor,3,0.662527978
Grid,secondary-diffuse,pixel-ordered,builtin-binned-SAH,uvt-depthsorted,256,144,64,integrated-tensor,4,0.663551986
Grid,secondary-diffuse,pixel-ordered,builtin-binned-SAH,uvt-depthsorted,256,144,64,integrated-tensor,5,0.660480022
Grid,secondary-diffuse,pixel-ordered,builtin-binned-SAH,uvt-depthsorted,256,144,64,integrated-tensor,6,0.660480022
Grid,secondary-diffuse,pixel-ordered,builtin-binned-SAH,uvt-depthsorted,256,144,64,integrated-tensor,7,0.662335992
Grid,secondary-diffuse,pixel-ordered,builtin-binned-SAH,uvt-depthsorted,256,144,64,integrated-tensor,8,0.659456015
Grid,secondary-diffuse,pixel-ordered,builtin-binned-SAH,uvt-depthsorted,256,144,64,separated-traversal,0,0.237279996
Grid,secondary-diffuse,pixel-ordered,builtin-binned-SAH,uvt-depthsorted,256,144,64,separated-traversal,1,0.237376004
Grid,secondary-diffuse,pixel-ordered,builtin-binned-SAH,uvt-depthsorted,256,144,64,separated-traversal,2,0.238591999
Grid,secondary-diffuse,pixel-ordered,builtin-binned-SAH,uvt-depthsorted,256,144,64,separated-traversal,3,0.237504005
Grid,secondary-diffuse,pixel-ordered,builtin-binned-SAH,uvt-depthsorted,256,144,64,separated-traversal,4,0.237568006
Grid,secondary-diffuse,pixel-ordered,builtin-binned-SAH,uvt-depthsorted,256,144,64,separated-traversal,5,0.238335997
Grid,secondary-diffuse,pixel-ordered,builtin-binned-SAH,uvt-depthsorted,256,144,64,separated-traversal,6,0.237568006
Grid,secondary-diffuse,pixel-ordered,builtin-binned-SAH,uvt-depthsorted,256,144,64,separated-traversal,7,0.237471998
Grid,secondary-diffuse,pixel-ordered,builtin-binned-SAH,uvt-depthsorted,256,144,64,separated-traversal,8,0.237568006
Grid,secondary-diffuse,pixel-ordered,builtin-binned-SAH,uvt-depthsorted,256,144,64,separated-matched-leaves,0,0.769024014
Grid,secondary-diffuse,pixel-ordered,builtin-binned-SAH,uvt-depthsorted,256,144,64,separated-matched-leaves,1,0.769024014
Grid,secondary-diffuse,pixel-ordered,builtin-binned-SAH,uvt-depthsorted,256,144,64,separated-matched-leaves,2,0.769024014
Grid,secondary-diffuse,pixel-ordered,builtin-binned-SAH,uvt-depthsorted,256,144,64,separated-matched-leaves,3,0.769824028
Grid,secondary-diffuse,pixel-ordered,builtin-binned-SAH,uvt-depthsorted,256,144,64,separated-matched-leaves,4,0.770048022
Grid,secondary-diffuse,pixel-ordered,builtin-binned-SAH,uvt-depthsorted,256,144,64,separated-matched-leaves,5,0.769855976
Grid,secondary-diffuse,pixel-ordered,builtin-binned-SAH,uvt-depthsorted,256,144,64,separated-matched-leaves,6,0.769024014
Grid,secondary-diffuse,pixel-ordered,builtin-binned-SAH,uvt-depthsorted,256,144,64,separated-matched-leaves,7,0.769024014
Grid,secondary-diffuse,pixel-ordered,builtin-binned-SAH,uvt-depthsorted,256,144,64,separated-matched-leaves,8,0.769855976
Grid,secondary-diffuse,pixel-ordered,builtin-binned-SAH,uvt-depthsorted,256,144,64,separated-tensor-leaves,0,0.614400029
Grid,secondary-diffuse,pixel-ordered,builtin-binned-SAH,uvt-depthsorted,256,144,64,separated-tensor-leaves,1,0.596768022
Grid,secondary-diffuse,pixel-ordered,builtin-binned-SAH,uvt-depthsorted,256,144,64,separated-tensor-leaves,2,0.595968008
Grid,secondary-diffuse,pixel-ordered,builtin-binned-SAH,uvt-depthsorted,256,144,64,separated-tensor-leaves,3,0.595968008
Grid,secondary-diffuse,pixel-ordered,builtin-binned-SAH,uvt-depthsorted,256,144,64,separated-tensor-leaves,4,0.595968008
Grid,secondary-diffuse,pixel-ordered,builtin-binned-SAH,uvt-depthsorted,256,144,64,separated-tensor-leaves,5,0.595968008
Grid,secondary-diffuse,pixel-ordered,builtin-binned-SAH,uvt-depthsorted,256,144,64,separated-tensor-leaves,6,0.595968008
Grid,secondary-diffuse,pixel-ordered,builtin-binned-SAH,uvt-depthsorted,256,144,64,separated-tensor-leaves,7,0.595968008
Grid,secondary-diffuse,pixel-ordered,builtin-binned-SAH,uvt-depthsorted,256,144,64,separated-tensor-leaves,8,0.595968008
Grid,secondary-diffuse,packet-shuffled,builtin-binned-SAH,uvt-depthsorted,256,144,64,integrated-cuda32,0,0.840704024
Grid,secondary-diffuse,packet-shuffled,builtin-binned-SAH,uvt-depthsorted,256,144,64,integrated-cuda32,1,0.86630398
Grid,secondary-diffuse,packet-shuffled,builtin-binned-SAH,uvt-depthsorted,256,144,64,integrated-cuda32,2,0.865279973
Grid,secondary-diffuse,packet-shuffled,builtin-binned-SAH,uvt-depthsorted,256,144,64,integrated-cuda32,3,0.762624025
Grid,secondary-diffuse,packet-shuffled,builtin-binned-SAH,uvt-depthsorted,256,144,64,integrated-cuda32,4,0.865248024
Grid,secondary-diffuse,packet-shuffled,builtin-binned-SAH,uvt-depthsorted,256,144,64,integrated-cuda32,5,0.864256024
Grid,secondary-diffuse,packet-shuffled,builtin-binned-SAH,uvt-depthsorted,256,144,64,integrated-cuda32,6,0.761856019
Grid,secondary-diffuse,packet-shuffled,builtin-binned-SAH,uvt-depthsorted,256,144,64,integrated-cuda32,7,0.865279973
Grid,secondary-diffuse,packet-shuffled,builtin-binned-SAH,uvt-depthsorted,256,144,64,integrated-cuda32,8,0.866047978
Grid,secondary-diffuse,packet-shuffled,builtin-binned-SAH,uvt-depthsorted,256,144,64,integrated-matched,0,0.934912026
Grid,secondary-diffuse,packet-shuffled,builtin-binned-SAH,uvt-depthsorted,256,144,64,integrated-matched,1,0.9472
Grid,secondary-diffuse,packet-shuffled,builtin-binned-SAH,uvt-depthsorted,256,144,64,integrated-matched,2,0.928735971
Grid,secondary-diffuse,packet-shuffled,builtin-binned-SAH,uvt-depthsorted,256,144,64,integrated-matched,3,0.934751987
Grid,secondary-diffuse,packet-shuffled,builtin-binned-SAH,uvt-depthsorted,256,144,64,integrated-matched,4,0.948224008
Grid,secondary-diffuse,packet-shuffled,builtin-binned-SAH,uvt-depthsorted,256,144,64,integrated-matched,5,0.929791987
Grid,secondary-diffuse,packet-shuffled,builtin-binned-SAH,uvt-depthsorted,256,144,64,integrated-matched,6,0.935808003
Grid,secondary-diffuse,packet-shuffled,builtin-binned-SAH,uvt-depthsorted,256,144,64,integrated-matched,7,0.948224008
Grid,secondary-diffuse,packet-shuffled,builtin-binned-SAH,uvt-depthsorted,256,144,64,integrated-matched,8,0.928767979
Grid,secondary-diffuse,packet-shuffled,builtin-binned-SAH,uvt-depthsorted,256,144,64,integrated-tensor,0,0.777087986
Grid,secondary-diffuse,packet-shuffled,builtin-binned-SAH,uvt-depthsorted,256,144,64,integrated-tensor,1,0.771200001
Grid,secondary-diffuse,packet-shuffled,builtin-binned-SAH,uvt-depthsorted,256,144,64,integrated-tensor,2,0.771839976
Grid,secondary-diffuse,packet-shuffled,builtin-binned-SAH,uvt-depthsorted,256,144,64,integrated-tensor,3,0.772095978
Grid,secondary-diffuse,packet-shuffled,builtin-binned-SAH,uvt-depthsorted,256,144,64,integrated-tensor,4,0.77107197
Grid,secondary-diffuse,packet-shuffled,builtin-binned-SAH,uvt-depthsorted,256,144,64,integrated-tensor,5,0.774143994
Grid,secondary-diffuse,packet-shuffled,builtin-binned-SAH,uvt-depthsorted,256,144,64,integrated-tensor,6,0.772095978
Grid,secondary-diffuse,packet-shuffled,builtin-binned-SAH,uvt-depthsorted,256,144,64,integrated-tensor,7,0.776192009
Grid,secondary-diffuse,packet-shuffled,builtin-binned-SAH,uvt-depthsorted,256,144,64,integrated-tensor,8,0.777216017
Grid,secondary-diffuse,packet-shuffled,builtin-binned-SAH,uvt-depthsorted,256,144,64,separated-traversal,0,0.29491201
Grid,secondary-diffuse,packet-shuffled,builtin-binned-SAH,uvt-depthsorted,256,144,64,separated-traversal,1,0.294752002
Grid,secondary-diffuse,packet-shuffled,builtin-binned-SAH,uvt-depthsorted,256,144,64,separated-traversal,2,0.293888003
Grid,secondary-diffuse,packet-shuffled,builtin-binned-SAH,uvt-depthsorted,256,144,64,separated-traversal,3,0.29491201
Grid,secondary-diffuse,packet-shuffled,builtin-binned-SAH,uvt-depthsorted,256,144,64,separated-traversal,4,0.29491201
Grid,secondary-diffuse,packet-shuffled,builtin-binned-SAH,uvt-depthsorted,256,144,64,separated-traversal,5,0.29491201
Grid,secondary-diffuse,packet-shuffled,builtin-binned-SAH,uvt-depthsorted,256,144,64,separated-traversal,6,0.293888003
Grid,secondary-diffuse,packet-shuffled,builtin-binned-SAH,uvt-depthsorted,256,144,64,separated-traversal,7,0.29491201
Grid,secondary-diffuse,packet-shuffled,builtin-binned-SAH,uvt-depthsorted,256,144,64,separated-traversal,8,0.29491201
Grid,secondary-diffuse,packet-shuffled,builtin-binned-SAH,uvt-depthsorted,256,144,64,separated-matched-leaves,0,0.883711994
Grid,secondary-diffuse,packet-shuffled,builtin-binned-SAH,uvt-depthsorted,256,144,64,separated-matched-leaves,1,0.88063997
Grid,secondary-diffuse,packet-shuffled,builtin-binned-SAH,uvt-depthsorted,256,144,64,separated-matched-leaves,2,0.878592014
Grid,secondary-diffuse,packet-shuffled,builtin-binned-SAH,uvt-depthsorted,256,144,64,separated-matched-leaves,3,0.879616022
Grid,secondary-diffuse,packet-shuffled,builtin-binned-SAH,uvt-depthsorted,256,144,64,separated-matched-leaves,4,0.881663978
Grid,secondary-diffuse,packet-shuffled,builtin-binned-SAH,uvt-depthsorted,256,144,64,separated-matched-leaves,5,0.879616022
Grid,secondary-diffuse,packet-shuffled,builtin-binned-SAH,uvt-depthsorted,256,144,64,separated-matched-leaves,6,0.879584014
Grid,secondary-diffuse,packet-shuffled,builtin-binned-SAH,uvt-depthsorted,256,144,64,separated-matched-leaves,7,0.88063997
Grid,secondary-diffuse,packet-shuffled,builtin-binned-SAH,uvt-depthsorted,256,144,64,separated-matched-leaves,8,0.881536007
Grid,secondary-diffuse,packet-shuffled,builtin-binned-SAH,uvt-depthsorted,256,144,64,separated-tensor-leaves,0,0.691007972
Grid,secondary-diffuse,packet-shuffled,builtin-binned-SAH,uvt-depthsorted,256,144,64,separated-tensor-leaves,1,0.68096
Grid,secondary-diffuse,packet-shuffled,builtin-binned-SAH,uvt-depthsorted,256,144,64,separated-tensor-leaves,2,0.678911984
Grid,secondary-diffuse,packet-shuffled,builtin-binned-SAH,uvt-depthsorted,256,144,64,separated-tensor-leaves,3,0.679935992
Grid,secondary-diffuse,packet-shuffled,builtin-binned-SAH,uvt-depthsorted,256,144,64,separated-tensor-leaves,4,0.679808021
Grid,secondary-diffuse,packet-shuffled,builtin-binned-SAH,uvt-depthsorted,256,144,64,separated-tensor-leaves,5,0.679040015
Grid,secondary-diffuse,packet-shuffled,builtin-binned-SAH,uvt-depthsorted,256,144,64,separated-tensor-leaves,6,0.679935992
Grid,secondary-diffuse,packet-shuffled,builtin-binned-SAH,uvt-depthsorted,256,144,64,separated-tensor-leaves,7,0.679744005
Grid,secondary-diffuse,packet-shuffled,builtin-binned-SAH,uvt-depthsorted,256,144,64,separated-tensor-leaves,8,0.678911984
Grid,secondary-diffuse,pixel-ordered,builtin-binned-SAH,uvt-depthsorted,256,144,128,integrated-cuda32,0,1.11616004
Grid,secondary-diffuse,pixel-ordered,builtin-binned-SAH,uvt-depthsorted,256,144,128,integrated-cuda32,1,1.12947202
Grid,secondary-diffuse,pixel-ordered,builtin-binned-SAH,uvt-depthsorted,256,144,128,integrated-cuda32,2,1.131392
Grid,secondary-diffuse,pixel-ordered,builtin-binned-SAH,uvt-depthsorted,256,144,128,integrated-cuda32,3,1.01171196
Grid,secondary-diffuse,pixel-ordered,builtin-binned-SAH,uvt-depthsorted,256,144,128,integrated-cuda32,4,1.12639999
Grid,secondary-diffuse,pixel-ordered,builtin-binned-SAH,uvt-depthsorted,256,144,128,integrated-cuda32,5,1.13961601
Grid,secondary-diffuse,pixel-ordered,builtin-binned-SAH,uvt-depthsorted,256,144,128,integrated-cuda32,6,1.02271998
Grid,secondary-diffuse,pixel-ordered,builtin-binned-SAH,uvt-depthsorted,256,144,128,integrated-cuda32,7,1.13049603
Grid,secondary-diffuse,pixel-ordered,builtin-binned-SAH,uvt-depthsorted,256,144,128,integrated-cuda32,8,1.13148797
Grid,secondary-diffuse,pixel-ordered,builtin-binned-SAH,uvt-depthsorted,256,144,128,integrated-matched,0,1.08319998
Grid,secondary-diffuse,pixel-ordered,builtin-binned-SAH,uvt-depthsorted,256,144,128,integrated-matched,1,1.18169606
Grid,secondary-diffuse,pixel-ordered,builtin-binned-SAH,uvt-depthsorted,256,144,128,integrated-matched,2,1.08441603
Grid,secondary-diffuse,pixel-ordered,builtin-binned-SAH,uvt-depthsorted,256,144,128,integrated-matched,3,1.08236802
Grid,secondary-diffuse,pixel-ordered,builtin-binned-SAH,uvt-depthsorted,256,144,128,integrated-matched,4,1.18048
Grid,secondary-diffuse,pixel-ordered,builtin-binned-SAH,uvt-depthsorted,256,144,128,integrated-matched,5,1.08748806
Grid,secondary-diffuse,pixel-ordered,builtin-binned-SAH,uvt-depthsorted,256,144,128,integrated-matched,6,1.08236802
Grid,secondary-diffuse,pixel-ordered,builtin-binned-SAH,uvt-depthsorted,256,144,128,integrated-matched,7,1.17964804
Grid,secondary-diffuse,pixel-ordered,builtin-binned-SAH,uvt-depthsorted,256,144,128,integrated-matched,8,1.082304
Grid,secondary-diffuse,pixel-ordered,builtin-binned-SAH,uvt-depthsorted,256,144,128,integrated-tensor,0,0.870400012
Grid,secondary-diffuse,pixel-ordered,builtin-binned-SAH,uvt-depthsorted,256,144,128,integrated-tensor,1,0.868351996
Grid,secondary-diffuse,pixel-ordered,builtin-binned-SAH,uvt-depthsorted,256,144,128,integrated-tensor,2,0.868351996
Grid,secondary-diffuse,pixel-ordered,builtin-binned-SAH,uvt-depthsorted,256,144,128,integrated-tensor,3,0.873471975
Grid,secondary-diffuse,pixel-ordered,builtin-binned-SAH,uvt-depthsorted,256,144,128,integrated-tensor,4,0.87014401
Grid,secondary-diffuse,pixel-ordered,builtin-binned-SAH,uvt-depthsorted,256,144,128,integrated-tensor,5,0.869376004
Grid,secondary-diffuse,pixel-ordered,builtin-binned-SAH,uvt-depthsorted,256,144,128,integrated-tensor,6,0.869376004
Grid,secondary-diffuse,pixel-ordered,builtin-binned-SAH,uvt-depthsorted,256,144,128,integrated-tensor,7,0.869087994
Grid,secondary-diffuse,pixel-ordered,builtin-binned-SAH,uvt-depthsorted,256,144,128,integrated-tensor,8,0.867327988
Grid,secondary-diffuse,pixel-ordered,builtin-binned-SAH,uvt-depthsorted,256,144,128,separated-traversal,0,0.170816004
Grid,secondary-diffuse,pixel-ordered,builtin-binned-SAH,uvt-depthsorted,256,144,128,separated-traversal,1,0.168960005
Grid,secondary-diffuse,pixel-ordered,builtin-binned-SAH,uvt-depthsorted,256,144,128,separated-traversal,2,0.169983998
Grid,secondary-diffuse,pixel-ordered,builtin-binned-SAH,uvt-depthsorted,256,144,128,separated-traversal,3,0.169919997
Grid,secondary-diffuse,pixel-ordered,builtin-binned-SAH,uvt-depthsorted,256,144,128,separated-traversal,4,0.168960005
Grid,secondary-diffuse,pixel-ordered,builtin-binned-SAH,uvt-depthsorted,256,144,128,separated-traversal,5,0.169983998
Grid,secondary-diffuse,pixel-ordered,builtin-binned-SAH,uvt-depthsorted,256,144,128,separated-traversal,6,0.169727996
Grid,secondary-diffuse,pixel-ordered,builtin-binned-SAH,uvt-depthsorted,256,144,128,separated-traversal,7,0.168960005
Grid,secondary-diffuse,pixel-ordered,builtin-binned-SAH,uvt-depthsorted,256,144,128,separated-traversal,8,0.169983998
Grid,secondary-diffuse,pixel-ordered,builtin-binned-SAH,uvt-depthsorted,256,144,128,separated-matched-leaves,0,1.22880006
Grid,secondary-diffuse,pixel-ordered,builtin-binned-SAH,uvt-depthsorted,256,144,128,separated-matched-leaves,1,1.22880006
Grid,secondary-diffuse,pixel-ordered,builtin-binned-SAH,uvt-depthsorted,256,144,128,separated-matched-leaves,2,1.22880006
Grid,secondary-diffuse,pixel-ordered,builtin-binned-SAH,uvt-depthsorted,256,144,128,separated-matched-leaves,3,1.22880006
Grid,secondary-diffuse,pixel-ordered,builtin-binned-SAH,uvt-depthsorted,256,144,128,separated-matched-leaves,4,1.22880006
Grid,secondary-diffuse,pixel-ordered,builtin-binned-SAH,uvt-depthsorted,256,144,128,separated-matched-leaves,5,1.23075199
Grid,secondary-diffuse,pixel-ordered,builtin-binned-SAH,uvt-depthsorted,256,144,128,separated-matched-leaves,6,1.22880006
Grid,secondary-diffuse,pixel-ordered,builtin-binned-SAH,uvt-depthsorted,256,144,128,separated-matched-leaves,7,1.22880006
Grid,secondary-diffuse,pixel-ordered,builtin-binned-SAH,uvt-depthsorted,256,144,128,separated-matched-leaves,8,1.22982395
Grid,secondary-diffuse,pixel-ordered,builtin-binned-SAH,uvt-depthsorted,256,144,128,separated-tensor-leaves,0,0.959487975
Grid,secondary-diffuse,pixel-ordered,builtin-binned-SAH,uvt-depthsorted,256,144,128,separated-tensor-leaves,1,0.949248016
Grid,secondary-diffuse,pixel-ordered,builtin-binned-SAH,uvt-depthsorted,256,144,128,separated-tensor-leaves,2,0.950272024
Grid,secondary-diffuse,pixel-ordered,builtin-binned-SAH,uvt-depthsorted,256,144,128,separated-tensor-leaves,3,0.951103985
Grid,secondary-diffuse,pixel-ordered,builtin-binned-SAH,uvt-depthsorted,256,144,128,separated-tensor-leaves,4,0.950528026
Grid,secondary-diffuse,pixel-ordered,builtin-binned-SAH,uvt-depthsorted,256,144,128,separated-tensor-leaves,5,0.949248016
Grid,secondary-diffuse,pixel-ordered,builtin-binned-SAH,uvt-depthsorted,256,144,128,separated-tensor-leaves,6,0.949440002
Grid,secondary-diffuse,pixel-ordered,builtin-binned-SAH,uvt-depthsorted,256,144,128,separated-tensor-leaves,7,0.950272024
Grid,secondary-diffuse,pixel-ordered,builtin-binned-SAH,uvt-depthsorted,256,144,128,separated-tensor-leaves,8,0.949248016
Grid,secondary-diffuse,packet-shuffled,builtin-binned-SAH,uvt-depthsorted,256,144,128,integrated-cuda32,0,1.268736
Grid,secondary-diffuse,packet-shuffled,builtin-binned-SAH,uvt-depthsorted,256,144,128,integrated-cuda32,1,1.29228795
Grid,secondary-diffuse,packet-shuffled,builtin-binned-SAH,uvt-depthsorted,256,144,128,integrated-cuda32,2,1.28614402
Grid,secondary-diffuse,packet-shuffled,builtin-binned-SAH,uvt-depthsorted,256,144,128,integrated-cuda32,3,1.19705606
Grid,secondary-diffuse,packet-shuffled,builtin-binned-SAH,uvt-depthsorted,256,144,128,integrated-cuda32,4,1.28921604
Grid,secondary-diffuse,packet-shuffled,builtin-binned-SAH,uvt-depthsorted,256,144,128,integrated-cuda32,5,1.28921604
Grid,secondary-diffuse,packet-shuffled,builtin-binned-SAH,uvt-depthsorted,256,144,128,integrated-cuda32,6,1.19910395
Grid,secondary-diffuse,packet-shuffled,builtin-binned-SAH,uvt-depthsorted,256,144,128,integrated-cuda32,7,1.28921604
Grid,secondary-diffuse,packet-shuffled,builtin-binned-SAH,uvt-depthsorted,256,144,128,integrated-cuda32,8,1.28512001
Grid,secondary-diffuse,packet-shuffled,builtin-binned-SAH,uvt-depthsorted,256,144,128,integrated-matched,0,1.29535997
Grid,secondary-diffuse,packet-shuffled,builtin-binned-SAH,uvt-depthsorted,256,144,128,integrated-matched,1,1.32403195
Grid,secondary-diffuse,packet-shuffled,builtin-binned-SAH,uvt-depthsorted,256,144,128,integrated-matched,2,1.29321599
Grid,secondary-diffuse,packet-shuffled,builtin-binned-SAH,uvt-depthsorted,256,144,128,integrated-matched,3,1.29740798
Grid,secondary-diffuse,packet-shuffled,builtin-binned-SAH,uvt-depthsorted,256,144,128,integrated-matched,4,1.32726395
Grid,secondary-diffuse,packet-shuffled,builtin-binned-SAH,uvt-depthsorted,256,144,128,integrated-matched,5,1.29433596
Grid,secondary-diffuse,packet-shuffled,builtin-binned-SAH,uvt-depthsorted,256,144,128,integrated-matched,6,1.29535997
Grid,secondary-diffuse,packet-shuffled,builtin-binned-SAH,uvt-depthsorted,256,144,128,integrated-matched,7,1.32505596
Grid,secondary-diffuse,packet-shuffled,builtin-binned-SAH,uvt-depthsorted,256,144,128,integrated-matched,8,1.29535997
Grid,secondary-diffuse,packet-shuffled,builtin-binned-SAH,uvt-depthsorted,256,144,128,integrated-tensor,0,1.04447997
Grid,secondary-diffuse,packet-shuffled,builtin-binned-SAH,uvt-depthsorted,256,144,128,integrated-tensor,1,1.04652798
Grid,secondary-diffuse,packet-shuffled,builtin-binned-SAH,uvt-depthsorted,256,144,128,integrated-tensor,2,1.04652798
Grid,secondary-diffuse,packet-shuffled,builtin-binned-SAH,uvt-depthsorted,256,144,128,integrated-tensor,3,1.04755199
Grid,secondary-diffuse,packet-shuffled,builtin-binned-SAH,uvt-depthsorted,256,144,128,integrated-tensor,4,1.04652798
Grid,secondary-diffuse,packet-shuffled,builtin-binned-SAH,uvt-depthsorted,256,144,128,integrated-tensor,5,1.04550397
Grid,secondary-diffuse,packet-shuffled,builtin-binned-SAH,uvt-depthsorted,256,144,128,integrated-tensor,6,1.04652798
Grid,secondary-diffuse,packet-shuffled,builtin-binned-SAH,uvt-depthsorted,256,144,128,integrated-tensor,7,1.04755199
Grid,secondary-diffuse,packet-shuffled,builtin-binned-SAH,uvt-depthsorted,256,144,128,integrated-tensor,8,1.04550397
Grid,secondary-diffuse,packet-shuffled,builtin-binned-SAH,uvt-depthsorted,256,144,128,separated-traversal,0,0.202751994
Grid,secondary-diffuse,packet-shuffled,builtin-binned-SAH,uvt-depthsorted,256,144,128,separated-traversal,1,0.201728001
Grid,secondary-diffuse,packet-shuffled,builtin-binned-SAH,uvt-depthsorted,256,144,128,separated-traversal,2,0.202751994
Grid,secondary-diffuse,packet-shuffled,builtin-binned-SAH,uvt-depthsorted,256,144,128,separated-traversal,3,0.202751994
Grid,secondary-diffuse,packet-shuffled,builtin-binned-SAH,uvt-depthsorted,256,144,128,separated-traversal,4,0.202751994
Grid,secondary-diffuse,packet-shuffled,builtin-binned-SAH,uvt-depthsorted,256,144,128,separated-traversal,5,0.202751994
Grid,secondary-diffuse,packet-shuffled,builtin-binned-SAH,uvt-depthsorted,256,144,128,separated-traversal,6,0.201728001
Grid,secondary-diffuse,packet-shuffled,builtin-binned-SAH,uvt-depthsorted,256,144,128,separated-traversal,7,0.203776002
Grid,secondary-diffuse,packet-shuffled,builtin-binned-SAH,uvt-depthsorted,256,144,128,separated-traversal,8,0.202751994
Grid,secondary-diffuse,packet-shuffled,builtin-binned-SAH,uvt-depthsorted,256,144,128,separated-matched-leaves,0,1.52371204
Grid,secondary-diffuse,packet-shuffled,builtin-binned-SAH,uvt-depthsorted,256,144,128,separated-matched-leaves,1,1.53171206
Grid,secondary-diffuse,packet-shuffled,builtin-binned-SAH,uvt-depthsorted,256,144,128,separated-matched-leaves,2,1.52268803
Grid,secondary-diffuse,packet-shuffled,builtin-binned-SAH,uvt-depthsorted,256,144,128,separated-matched-leaves,3,1.53075194
Grid,secondary-diffuse,packet-shuffled,builtin-binned-SAH,uvt-depthsorted,256,144,128,separated-matched-leaves,4,1.52268803
Grid,secondary-diffuse,packet-shuffled,builtin-binned-SAH,uvt-depthsorted,256,144,128,separated-matched-leaves,5,1.53084803
Grid,secondary-diffuse,packet-shuffled,builtin-binned-SAH,uvt-depthsorted,256,144,128,separated-matched-leaves,6,1.52371204
Grid,secondary-diffuse,packet-shuffled,builtin-binned-SAH,uvt-depthsorted,256,144,128,separated-matched-leaves,7,1.52985597
Grid,secondary-diffuse,packet-shuffled,builtin-binned-SAH,uvt-depthsorted,256,144,128,separated-matched-leaves,8,1.52371204
Grid,secondary-diffuse,packet-shuffled,builtin-binned-SAH,uvt-depthsorted,256,144,128,separated-tensor-leaves,0,1.17555201
Grid,secondary-diffuse,packet-shuffled,builtin-binned-SAH,uvt-depthsorted,256,144,128,separated-tensor-leaves,1,1.16940796
Grid,secondary-diffuse,packet-shuffled,builtin-binned-SAH,uvt-depthsorted,256,144,128,separated-tensor-leaves,2,1.16940796
Grid,secondary-diffuse,packet-shuffled,builtin-binned-SAH,uvt-depthsorted,256,144,128,separated-tensor-leaves,3,1.16924798
Grid,secondary-diffuse,packet-shuffled,builtin-binned-SAH,uvt-depthsorted,256,144,128,separated-tensor-leaves,4,1.16940796
Grid,secondary-diffuse,packet-shuffled,builtin-binned-SAH,uvt-depthsorted,256,144,128,separated-tensor-leaves,5,1.16940796
Grid,secondary-diffuse,packet-shuffled,builtin-binned-SAH,uvt-depthsorted,256,144,128,separated-tensor-leaves,6,1.16940796
Grid,secondary-diffuse,packet-shuffled,builtin-binned-SAH,uvt-depthsorted,256,144,128,separated-tensor-leaves,7,1.16940796
Grid,secondary-diffuse,packet-shuffled,builtin-binned-SAH,uvt-depthsorted,256,144,128,separated-tensor-leaves,8,1.17043197
Grid,secondary-diffuse,pixel-ordered,builtin-binned-SAH,uvt-depthsorted,256,144,256,integrated-cuda32,0,1.80931199
Grid,secondary-diffuse,pixel-ordered,builtin-binned-SAH,uvt-depthsorted,256,144,256,integrated-cuda32,1,1.81145597
Grid,secondary-diffuse,pixel-ordered,builtin-binned-SAH,uvt-depthsorted,256,144,256,integrated-cuda32,2,1.81542397
Grid,secondary-diffuse,pixel-ordered,builtin-binned-SAH,uvt-depthsorted,256,144,256,integrated-cuda32,3,1.70495999
Grid,secondary-diffuse,pixel-ordered,builtin-binned-SAH,uvt-depthsorted,256,144,256,integrated-cuda32,4,1.81644797
Grid,secondary-diffuse,pixel-ordered,builtin-binned-SAH,uvt-depthsorted,256,144,256,integrated-cuda32,5,1.81145597
Grid,secondary-diffuse,pixel-ordered,builtin-binned-SAH,uvt-depthsorted,256,144,256,integrated-cuda32,6,1.705984
Grid,secondary-diffuse,pixel-ordered,builtin-binned-SAH,uvt-depthsorted,256,144,256,integrated-cuda32,7,1.81247997
Grid,secondary-diffuse,pixel-ordered,builtin-binned-SAH,uvt-depthsorted,256,144,256,integrated-cuda32,8,1.81343997
Grid,secondary-diffuse,pixel-ordered,builtin-binned-SAH,uvt-depthsorted,256,144,256,integrated-matched,0,1.90028799
Grid,secondary-diffuse,pixel-ordered,builtin-binned-SAH,uvt-depthsorted,256,144,256,integrated-matched,1,2.03673601
Grid,secondary-diffuse,pixel-ordered,builtin-binned-SAH,uvt-depthsorted,256,144,256,integrated-matched,2,1.89849603
Grid,secondary-diffuse,pixel-ordered,builtin-binned-SAH,uvt-depthsorted,256,144,256,integrated-matched,3,1.89849603
Grid,secondary-diffuse,pixel-ordered,builtin-binned-SAH,uvt-depthsorted,256,144,256,integrated-matched,4,2.035712
Grid,secondary-diffuse,pixel-ordered,builtin-binned-SAH,uvt-depthsorted,256,144,256,integrated-matched,5,1.90566397
Grid,secondary-diffuse,pixel-ordered,builtin-binned-SAH,uvt-depthsorted,256,144,256,integrated-matched,6,1.89747202
Grid,secondary-diffuse,pixel-ordered,builtin-binned-SAH,uvt-depthsorted,256,144,256,integrated-matched,7,2.03776002
Grid,secondary-diffuse,pixel-ordered,builtin-binned-SAH,uvt-depthsorted,256,144,256,integrated-matched,8,1.90771198
Grid,secondary-diffuse,pixel-ordered,builtin-binned-SAH,uvt-depthsorted,256,144,256,integrated-tensor,0,1.45305598
Grid,secondary-diffuse,pixel-ordered,builtin-binned-SAH,uvt-depthsorted,256,144,256,integrated-tensor,1,1.45203197
Grid,secondary-diffuse,pixel-ordered,builtin-binned-SAH,uvt-depthsorted,256,144,256,integrated-tensor,2,1.44691205
Grid,secondary-diffuse,pixel-ordered,builtin-binned-SAH,uvt-depthsorted,256,144,256,integrated-tensor,3,1.45302403
Grid,secondary-diffuse,pixel-ordered,builtin-binned-SAH,uvt-depthsorted,256,144,256,integrated-tensor,4,1.45305598
Grid,secondary-diffuse,pixel-ordered,builtin-binned-SAH,uvt-depthsorted,256,144,256,integrated-tensor,5,1.44975996
Grid,secondary-diffuse,pixel-ordered,builtin-binned-SAH,uvt-depthsorted,256,144,256,integrated-tensor,6,1.45305598
Grid,secondary-diffuse,pixel-ordered,builtin-binned-SAH,uvt-depthsorted,256,144,256,integrated-tensor,7,1.45305598
Grid,secondary-diffuse,pixel-ordered,builtin-binned-SAH,uvt-depthsorted,256,144,256,integrated-tensor,8,1.44668806
Grid,secondary-diffuse,pixel-ordered,builtin-binned-SAH,uvt-depthsorted,256,144,256,separated-traversal,0,0.136191994
Grid,secondary-diffuse,pixel-ordered,builtin-binned-SAH,uvt-depthsorted,256,144,256,separated-traversal,1,0.136191994
Grid,secondary-diffuse,pixel-ordered,builtin-binned-SAH,uvt-depthsorted,256,144,256,separated-traversal,2,0.136928007
Grid,secondary-diffuse,pixel-ordered,builtin-binned-SAH,uvt-depthsorted,256,144,256,separated-traversal,3,0.137216002
Grid,secondary-diffuse,pixel-ordered,builtin-binned-SAH,uvt-depthsorted,256,144,256,separated-traversal,4,0.137183994
Grid,secondary-diffuse,pixel-ordered,builtin-binned-SAH,uvt-depthsorted,256,144,256,separated-traversal,5,0.137216002
Grid,secondary-diffuse,pixel-ordered,builtin-binned-SAH,uvt-depthsorted,256,144,256,separated-traversal,6,0.136160001
Grid,secondary-diffuse,pixel-ordered,builtin-binned-SAH,uvt-depthsorted,256,144,256,separated-traversal,7,0.137216002
Grid,secondary-diffuse,pixel-ordered,builtin-binned-SAH,uvt-depthsorted,256,144,256,separated-traversal,8,0.136191994
Grid,secondary-diffuse,pixel-ordered,builtin-binned-SAH,uvt-depthsorted,256,144,256,separated-matched-leaves,0,2.19033599
Grid,secondary-diffuse,pixel-ordered,builtin-binned-SAH,uvt-depthsorted,256,144,256,separated-matched-leaves,1,2.18931198
Grid,secondary-diffuse,pixel-ordered,builtin-binned-SAH,uvt-depthsorted,256,144,256,separated-matched-leaves,2,2.19033599
Grid,secondary-diffuse,pixel-ordered,builtin-binned-SAH,uvt-depthsorted,256,144,256,separated-matched-leaves,3,2.18944001
Grid,secondary-diffuse,pixel-ordered,builtin-binned-SAH,uvt-depthsorted,256,144,256,separated-matched-leaves,4,2.19033599
Grid,secondary-diffuse,pixel-ordered,builtin-binned-SAH,uvt-depthsorted,256,144,256,separated-matched-leaves,5,2.19033599
Grid,secondary-diffuse,pixel-ordered,builtin-binned-SAH,uvt-depthsorted,256,144,256,separated-matched-leaves,6,2.19033599
Grid,secondary-diffuse,pixel-ordered,builtin-binned-SAH,uvt-depthsorted,256,144,256,separated-matched-leaves,7,2.19033599
Grid,secondary-diffuse,pixel-ordered,builtin-binned-SAH,uvt-depthsorted,256,144,256,separated-matched-leaves,8,2.18931198
Grid,secondary-diffuse,pixel-ordered,builtin-binned-SAH,uvt-depthsorted,256,144,256,separated-tensor-leaves,0,1.76742399
Grid,secondary-diffuse,pixel-ordered,builtin-binned-SAH,uvt-depthsorted,256,144,256,separated-tensor-leaves,1,1.753088
Grid,secondary-diffuse,pixel-ordered,builtin-binned-SAH,uvt-depthsorted,256,144,256,separated-tensor-leaves,2,1.75820804
Grid,secondary-diffuse,pixel-ordered,builtin-binned-SAH,uvt-depthsorted,256,144,256,separated-tensor-leaves,3,1.75411201
Grid,secondary-diffuse,pixel-ordered,builtin-binned-SAH,uvt-depthsorted,256,144,256,separated-tensor-leaves,4,1.75702405
Grid,secondary-diffuse,pixel-ordered,builtin-binned-SAH,uvt-depthsorted,256,144,256,separated-tensor-leaves,5,1.753088
Grid,secondary-diffuse,pixel-ordered,builtin-binned-SAH,uvt-depthsorted,256,144,256,separated-tensor-leaves,6,1.75590396
Grid,secondary-diffuse,pixel-ordered,builtin-binned-SAH,uvt-depthsorted,256,144,256,separated-tensor-leaves,7,1.75513601
Grid,secondary-diffuse,pixel-ordered,builtin-binned-SAH,uvt-depthsorted,256,144,256,separated-tensor-leaves,8,1.75487995
Grid,secondary-diffuse,packet-shuffled,builtin-binned-SAH,uvt-depthsorted,256,144,256,integrated-cuda32,0,2.15472007
Grid,secondary-diffuse,packet-shuffled,builtin-binned-SAH,uvt-depthsorted,256,144,256,integrated-cuda32,1,2.15756798
Grid,secondary-diffuse,packet-shuffled,builtin-binned-SAH,uvt-depthsorted,256,144,256,integrated-cuda32,2,2.15654397
Grid,secondary-diffuse,packet-shuffled,builtin-binned-SAH,uvt-depthsorted,256,144,256,integrated-cuda32,3,2.03878403
Grid,secondary-diffuse,packet-shuffled,builtin-binned-SAH,uvt-depthsorted,256,144,256,integrated-cuda32,4,2.15961599
Grid,secondary-diffuse,packet-shuffled,builtin-binned-SAH,uvt-depthsorted,256,144,256,integrated-cuda32,5,2.15756798
Grid,secondary-diffuse,packet-shuffled,builtin-binned-SAH,uvt-depthsorted,256,144,256,integrated-cuda32,6,2.04083204
Grid,secondary-diffuse,packet-shuffled,builtin-binned-SAH,uvt-depthsorted,256,144,256,integrated-cuda32,7,2.15756798
Grid,secondary-diffuse,packet-shuffled,builtin-binned-SAH,uvt-depthsorted,256,144,256,integrated-cuda32,8,2.15859199
Grid,secondary-diffuse,packet-shuffled,builtin-binned-SAH,uvt-depthsorted,256,144,256,integrated-matched,0,2.54668808
Grid,secondary-diffuse,packet-shuffled,builtin-binned-SAH,uvt-depthsorted,256,144,256,integrated-matched,1,2.61017609
Grid,secondary-diffuse,packet-shuffled,builtin-binned-SAH,uvt-depthsorted,256,144,256,integrated-matched,2,2.54566407
Grid,secondary-diffuse,packet-shuffled,builtin-binned-SAH,uvt-depthsorted,256,144,256,integrated-matched,3,2.54342389
Grid,secondary-diffuse,packet-shuffled,builtin-binned-SAH,uvt-depthsorted,256,144,256,integrated-matched,4,2.6122241
Grid,secondary-diffuse,packet-shuffled,builtin-binned-SAH,uvt-depthsorted,256,144,256,integrated-matched,5,2.5476799
Grid,secondary-diffuse,packet-shuffled,builtin-binned-SAH,uvt-depthsorted,256,144,256,integrated-matched,6,2.54566407
Grid,secondary-diffuse,packet-shuffled,builtin-binned-SAH,uvt-depthsorted,256,144,256,integrated-matched,7,2.61120009
Grid,secondary-diffuse,packet-shuffled,builtin-binned-SAH,uvt-depthsorted,256,144,256,integrated-matched,8,2.54966402
Grid,secondary-diffuse,packet-shuffled,builtin-binned-SAH,uvt-depthsorted,256,144,256,integrated-tensor,0,1.99065602
Grid,secondary-diffuse,packet-shuffled,builtin-binned-SAH,uvt-depthsorted,256,144,256,integrated-tensor,1,1.988608
Grid,secondary-diffuse,packet-shuffled,builtin-binned-SAH,uvt-depthsorted,256,144,256,integrated-tensor,2,1.988608
Grid,secondary-diffuse,packet-shuffled,builtin-binned-SAH,uvt-depthsorted,256,144,256,integrated-tensor,3,1.988608
Grid,secondary-diffuse,packet-shuffled,builtin-binned-SAH,uvt-depthsorted,256,144,256,integrated-tensor,4,1.99065602
Grid,secondary-diffuse,packet-shuffled,builtin-binned-SAH,uvt-depthsorted,256,144,256,integrated-tensor,5,1.99168003
Grid,secondary-diffuse,packet-shuffled,builtin-binned-SAH,uvt-depthsorted,256,144,256,integrated-tensor,6,1.99168003
Grid,secondary-diffuse,packet-shuffled,builtin-binned-SAH,uvt-depthsorted,256,144,256,integrated-tensor,7,1.988608
Grid,secondary-diffuse,packet-shuffled,builtin-binned-SAH,uvt-depthsorted,256,144,256,integrated-tensor,8,1.99168003
Grid,secondary-diffuse,packet-shuffled,builtin-binned-SAH,uvt-depthsorted,256,144,256,separated-traversal,0,0.159871995
Grid,secondary-diffuse,packet-shuffled,builtin-binned-SAH,uvt-depthsorted,256,144,256,separated-traversal,1,0.159743994
Grid,secondary-diffuse,packet-shuffled,builtin-binned-SAH,uvt-depthsorted,256,144,256,separated-traversal,2,0.159743994
Grid,secondary-diffuse,packet-shuffled,builtin-binned-SAH,uvt-depthsorted,256,144,256,separated-traversal,3,0.159743994
Grid,secondary-diffuse,packet-shuffled,builtin-binned-SAH,uvt-depthsorted,256,144,256,separated-traversal,4,0.159743994
Grid,secondary-diffuse,packet-shuffled,builtin-binned-SAH,uvt-depthsorted,256,144,256,separated-traversal,5,0.159743994
Grid,secondary-diffuse,packet-shuffled,builtin-binned-SAH,uvt-depthsorted,256,144,256,separated-traversal,6,0.159743994
Grid,secondary-diffuse,packet-shuffled,builtin-binned-SAH,uvt-depthsorted,256,144,256,separated-traversal,7,0.159743994
Grid,secondary-diffuse,packet-shuffled,builtin-binned-SAH,uvt-depthsorted,256,144,256,separated-traversal,8,0.159743994
Grid,secondary-diffuse,packet-shuffled,builtin-binned-SAH,uvt-depthsorted,256,144,256,separated-matched-leaves,0,3.13948798
Grid,secondary-diffuse,packet-shuffled,builtin-binned-SAH,uvt-depthsorted,256,144,256,separated-matched-leaves,1,3.13737607
Grid,secondary-diffuse,packet-shuffled,builtin-binned-SAH,uvt-depthsorted,256,144,256,separated-matched-leaves,2,3.13753605
Grid,secondary-diffuse,packet-shuffled,builtin-binned-SAH,uvt-depthsorted,256,144,256,separated-matched-leaves,3,3.13651204
Grid,secondary-diffuse,packet-shuffled,builtin-binned-SAH,uvt-depthsorted,256,144,256,separated-matched-leaves,4,3.13753605
Grid,secondary-diffuse,packet-shuffled,builtin-binned-SAH,uvt-depthsorted,256,144,256,separated-matched-leaves,5,3.13740802
Grid,secondary-diffuse,packet-shuffled,builtin-binned-SAH,uvt-depthsorted,256,144,256,separated-matched-leaves,6,3.13628793
Grid,secondary-diffuse,packet-shuffled,builtin-binned-SAH,uvt-depthsorted,256,144,256,separated-matched-leaves,7,3.13731194
Grid,secondary-diffuse,packet-shuffled,builtin-binned-SAH,uvt-depthsorted,256,144,256,separated-matched-leaves,8,3.13840008
Grid,secondary-diffuse,packet-shuffled,builtin-binned-SAH,uvt-depthsorted,256,144,256,separated-tensor-leaves,0,2.41152
Grid,secondary-diffuse,packet-shuffled,builtin-binned-SAH,uvt-depthsorted,256,144,256,separated-tensor-leaves,1,2.39299202
Grid,secondary-diffuse,packet-shuffled,builtin-binned-SAH,uvt-depthsorted,256,144,256,separated-tensor-leaves,2,2.39385605
Grid,secondary-diffuse,packet-shuffled,builtin-binned-SAH,uvt-depthsorted,256,144,256,separated-tensor-leaves,3,2.39411211
Grid,secondary-diffuse,packet-shuffled,builtin-binned-SAH,uvt-depthsorted,256,144,256,separated-tensor-leaves,4,2.39391994
Grid,secondary-diffuse,packet-shuffled,builtin-binned-SAH,uvt-depthsorted,256,144,256,separated-tensor-leaves,5,2.39411211
Grid,secondary-diffuse,packet-shuffled,builtin-binned-SAH,uvt-depthsorted,256,144,256,separated-tensor-leaves,6,2.39411211
Grid,secondary-diffuse,packet-shuffled,builtin-binned-SAH,uvt-depthsorted,256,144,256,separated-tensor-leaves,7,2.39334393
Grid,secondary-diffuse,packet-shuffled,builtin-binned-SAH,uvt-depthsorted,256,144,256,separated-tensor-leaves,8,2.39401603
